FECHA TERMINACION PROYECTO ;FECHA DE CORTE;CODIGO DIVIPOLA DEPARTAMENTO;DEPARTAMENTO;CODIGO DIVIPOLA MUNICIPIO;MUNICIPIO;INDICADOR;Valor;NOMBRE PROYECTO;ORIGEN;APORTE NACION;CONTRAPARTIDA;ESTADO SEGUIMIENTO
10/31/2018;7/03/2024;44;LA GUAJIRA;44430;Maicao(LA );Nueva Población Beneficiada Acueducto Urbano;3865;CONSTRUCCION OBRAS DE OPTIMIZACION HIDRAULICA ETAPA III DE LOS SECTORES 1,2,3 Y 4. REHABILITACION ESTRUCTURAL Y RENOVACION DE LAS INSTALACIONES HIDRAULICAS DE LOS TANQUES DE ALMACENAMIENTO LOMA FRESCA Y SAN JOSE MUNICIPIO DE MAICAO.;PDA;0;4058841035;Terminado
10/30/2018;7/03/2024;44;LA GUAJIRA;44430;Maicao(LA );Nueva Población Beneficiada Alcantarillado Urbano;6190;CONSTRUCCION Y REPOSICION DE REDES DE ALCANTARILLADO SANITARIO Y CONEXIONES DOMICILIARIAS E INTRADOMICILIARIAS BARRIOS NUEVA ESPERANZA, CAMILO TORRES, 11 DE NOVIEMBRE, VILLA INES, EL BOSQUE Y ZONAS ALEDAÃ‘AS MUNICIPIO DE MAICAO *;PDA;0;3832330298;Terminado
10/31/2018;7/03/2024;44;LA GUAJIRA;44874;Villanueva(LA );Nueva Población Beneficiada Acueducto Urbano;593;OPTIMIZACION HIDRAULICA DE LA RED  DE DISTRIBUCION DEL SISTEMA DE ACUEDUCTO DEL MUNICIPIO DE VILLANUEVA;PDA;0;8854898000;Terminado
09/15/2018;7/03/2024;5;ANTIOQUIA;5002;Abejorral(ANT);Nueva Población Beneficiada Alcantarillado Urbano;288;CONSTRUCCION DEL PLAN  MAESTRO DE ALCANTARILLADO MUNICIPIO DE ABEJORRAL, PRIMERA ETAPA;PDA;0;2097977296;Liquidado
12/31/2018;7/03/2024;18;CAQUETA;18029;Albania(CAQ), Curillo(CAQ), San Jose De Fragua(CAQ);Nueva Población Beneficiada Acueducto Urbano;5852;CONSTRUCCION SISTEMA DE ACUEDUCTO REGIONAL PARA LOS MUNICIPIOS DE ALBANIA, CURILLO Y SAN JOSE DE FRAGUA.;PDA;12110573518;953340488;En Liquidación
10/16/2018;7/03/2024;15;BOYACA;15693;Santa Rosa De Viterbo(BOY);Nueva Población Beneficiada Acueducto Urbano;469;CONSTRUCCION RED DE CONDUCCION, REDES DE DISTRIBUCION DEL ACUEDUCTO Y TERMINACION PLANTA DE TRATAMIENTO DE AGUA POTABLE DE LA ZONA URBANA DEL MUNICIPIO DE SANTA ROSA DE VITERBO;PDA;557345219;2236932650;En Liquidación
10/08/2018;7/03/2024;17;CALDAS;17050;Aranzazu(CAL);Nueva Población Beneficiada Alcantarillado Urbano;435;OPTIMIZACION SISTEMAS DE ACUEDUCTO Y ALCANTARILLADO ZONA URBANA MUNICIPIO DE ARANZAZU;PDA;491820256;664819896;Terminado
6/01/2019;7/03/2024;17;CALDAS;17446;Marulanda(CAL);Nueva Población Beneficiada Acueducto Rural;1418;MEJORAMIENTO SISTEMA DE ACUEDUCTO EN EL CORREGIMIENTO MONTEBONITO MUNICIPIO DE MARULANDA;PDA;286128295;540512429;Terminado
9/11/2018;7/03/2024;25;CUNDINAMARCA;25126;Cajica(CUN);Nueva Población Beneficiada Alcantarillado Urbano;1206;CONSTRUCCION PARA LA OPTIMIZACION DEL SISTEMA DE ALCANTARILLADO DEL CENTRO URBANO DE CAJICA;PDA;2342967710;6963429394;En Liquidación
09/29/2020;7/03/2024;15;BOYACA;15109;Buenavista(BOY);Nueva Población Beneficiada Alcantarillado Urbano;295;CONSTRUCCION DEL PLAN MAESTRO DE ALCANTARILLADO COMBINADO DE BUENAVISTA-BOYACA;PDA;0;2697431466;Liquidado Contrato Obra
11/20/2022;7/03/2024;52;NARIÑO;52506;Ospina(NAR);Nueva Población Beneficiada Acueducto Rural;1084;CONSTRUCCION ACUEDUCTO SAN ISIDRO LA FLORIDA DEL MUNICIPIO DE OSPINA - NARIÑO;PDA;0;1931273036;Liquidado
03/23/2022;7/03/2024;85;CASANARE;85001;Yopal(CAS);Nueva Población Beneficiada Acueducto Urbano;36000;CONSTRUCCION  SISTEMA DE ABASTECIMIENTO Y TRATAMIENTO DE AGUA POTABLE PARA EL CASCO URBANO DEL MUNICIPIO DE YOPAL;PGN;61527056040;31126893970;Terminado
10/11/2021;7/03/2024;66;RISARALDA;66594;Quinchía(RIS);Nueva Población Beneficiada Acueducto Urbano;9910;OPTIMIZACION PLANTA DE TRATAMIENTO DE AGUA POTABLE DEL MUNICIPIO DE QUINCHÃA;PDA;0;550252622;Terminado
07/31/2019;7/03/2024;66;RISARALDA;66572;Pueblo Rico(RIS);Nueva Población Beneficiada Acueducto Urbano;1;IMPLEMENTACION DEL PLAN MAESTRO DE ACUEDUCTO Y ALCANTARILLADO FASE I PUEBLO RICO;PDA;0;2353900542;Terminado
07/31/2019;7/03/2024;66;RISARALDA;66572;Pueblo Rico(RIS);Nueva Población Beneficiada Alcantarillado Urbano;805;IMPLEMENTACION DEL PLAN MAESTRO DE ACUEDUCTO Y ALCANTARILLADO FASE I PUEBLO RICO;PDA;0;2353900542;Terminado
12/30/2022;7/03/2024;52;NARIÑO;52083;Belen(NAR);Nueva Población Beneficiada Alcantarillado Urbano;163;OPTIMIZACION ALCANTARILLADO CASCO URBANO MUNICIPIO DE BELÃ‰N, NARIÑO, OCCIDENTE;PDA;450000000;4000704075;Liquidado
9/03/2022;7/03/2024;52;NARIÑO;52573;Puerres(NAR);Nueva Población Beneficiada Alcantarillado Rural;396;AMPLIACION Y OPTIMIZACION DEL SISTEMA DE ALCANTARILLADO SANITARIO DE LA CABECERA CORREGIMIENTAL SAN MATEO MUNICIPIO DE PUERRES;PDA;0;1463160157;Liquidado
11/04/2020;7/03/2024;52;NARIÑO;52019;Alban(NAR);Nueva Población Beneficiada Alcantarillado Rural;539;MEJORAMIENTO DE LAS CONDICIONES DE SANEAMIENTO RURAL MEDIANTE LA IMPLEMENTACION DE ACCIONES DE DESCONTAMINACION, EDUCACION Y PRESERVACION AMBIENTAL DE LA CUENCA DEL RIO QUIÃ‘A, MUNICIPIO DE SAN JOSE DE  ALBAN;PDA;0;1610543280;Liquidado
04/29/2022;7/03/2024;52;NARIÑO;52224;Cuaspud(NAR);Nueva Población Beneficiada Alcantarillado Urbano;58;AMPLIACION Y OPTIMIZACION DEL SISTEMA DE ALCANTARILLADO DE LA CABECERA MUNICIPAL DE CUASPUD FASE I;PDA;0;4223989737;Liquidado
11/07/2020;7/03/2024;52;NARIÑO;52258;El Tablon(NAR);Nueva Población Beneficiada Alcantarillado Urbano;147;OPTIMIZACION Y AMPLIACION DEL ALCANTARILLADO DE EL TABLÃ“N DE GOMEZ - CABECERA MUNICIPAL, DEPARTAMENTO DE NARIÑO;PDA;0;3590274497;Liquidado
06/13/2019;7/03/2024;52;NARIÑO;52260;El Tambo(NAR);Nueva Población Beneficiada Alcantarillado Urbano;4774;REHABILlTACION DEL SISTEMA DE ALCANTARILLADO DEL BARRIO MADRIGAL, MUNICIPIO DE EL TAMBO;Ola Invernal Menor;0;241341591;Liquidado
12/09/2021;7/03/2024;52;NARIÑO;52418;Los Andes(NAR);Nueva Población Beneficiada Alcantarillado Rural;1839;MEJORAMIENTO DE LAS   CONDICIONES DE SANEAMIENTO RURAL MEDIANTE LA IMPLEMENTACION  DE ACCIONES DE DESCONTAMINACION, EDUCACION Y PRESERVACION AMBIENTAL EN LA CUENCA DEL RIO GUAITARA, MUNICIPIO DE LOS   ANDES;PDA;1215762839;1984711597;Liquidado
12/23/2022;7/03/2024;41;HUILA;41551;Pitalito(HUI);Nueva Población Beneficiada Alcantarillado Urbano;80170;CONSTRUCCION DE COLECTORES DEL SISTEMA DE ALCANTARILLADO PLUVIAL EN LA COMUNA UNO DEL MUNICIPIO DE PITALITO-HUILA;PGN;2904901507;35668264;Terminado
10/09/2023;7/03/2024;41;HUILA;41001;Neiva(HUI);Nueva Población Beneficiada Acueducto Urbano;44550;CONSTRUCCION Y OPTIMIZACION DE LA LÍNEA EXPRESA DE ACUEDUCTO DE LA ESTACION DEL TREN DEL MUNICIPIO DE NEIVA, DEPARTAMENTO DEL HUILA;PDA;0;11128677123;En Liquidación
11/29/2021;7/03/2024;41;HUILA;41396;La Plata(HUI);Nueva Población Beneficiada Acueducto Rural;1751;CONSTRUCCION DEL SISTEMA DE ACUEDUCTO RURAL REGIONAL SANTA MARTHA, BIRMANIA, VEREDAS SANTA MARTHA, EL ROBLE, EL ALTO AURORA, SAN MIGUEL, LOS CAUCHOS, VILLA ESPERANZA, LOS PINOS, VILLA MERCEDES, BAJO VILLA MERCEDES DEL MUNICIPIO DE LA PLATA;PGN;5936504087;417000000;Liquidado Contrato Obra
11/15/2019;7/03/2024;41;HUILA;41378;La Argentina(HUI);Nueva Población Beneficiada Acueducto Rural;734;CONSTRUCCION PLAN MAESTRO DE ACUEDUCTO CENTRO POBLADO EL PENSIL (LA ARGENTINA) HUILA FASE I;PDA;0;1661244655;Liquidado
03/31/2022;7/03/2024;52;NARIÑO;52685;San Bernardo(NAR);Nueva Población Beneficiada Alcantarillado Rural;335;CONSTRUCCION DE UNIDADES SANITARIAS CON SANEAMIENTO BASICO PARA LA VIVENDA RURAL EN EL MUNICIPIO DE SAN BERNARDO- DEPARTAMENTO DE NARIÑO;PDA;0;968894634;Liquidado
11/23/2021;7/03/2024;52;NARIÑO;52694;San Pedro De Cartago(NAR);Nueva Población Beneficiada Alcantarillado Rural;364;CONSTRUCCION SISTEMA DE ALCANTARILLADO SANITARIO DE LA VEREDA LA CHORRERA, MUNICIPIO DE SAN PEDRO DE CARTAGO;PDA;0;1378580426;Liquidado
01/21/2022;7/03/2024;52;NARIÑO;52699;Santacruz(NAR);Nueva Población Beneficiada Acueducto Rural;260;CONSTRUCCION ACUEDUCTO RURAL EN LA VEREDA CHAGUEZ DEL MUNICIPIO DE SANTA CRUZ;PDA;0;465855438;Liquidado
11/17/2023;7/03/2024;23;CORDOBA;23855;Valencia(COR);Nueva Población Beneficiada Acueducto Rural;800;OPTIMIZACION  DEL SISTEMA DE ACUEDUCTO DEL CORREGIMIENTO DE JARAGUAY MUNICIPIO DE VALENCIA;PGN;1974580106;0;Terminado
12/07/2022;7/03/2024;15;BOYACA;15223;Cubara(BOY);Nueva Población Beneficiada Alcantarillado Urbano;1229;CONSTRUCCION DEL SISTEMA DE ALCANTARILLADO PLUVIAL DEL MUNICIPIO DE CUBARA;PDA;0;3694973643;En Liquidación
10/29/2019;7/03/2024;27;CHOCO;27001;Quibdo(CHO);Nueva Población Beneficiada Acueducto Urbano;147120;DISEÑOS PARA LA OPTIMIZACION DE LOS SISTEMAS DE ACUEDUCTO Y ALCANTARILLADO DEL MUNICIPIO DE QUIBDO;PGN;3713372232;0;Liquidado
10/29/2019;7/03/2024;27;CHOCO;27001;Quibdo(CHO);Nueva Población Beneficiada Alcantarillado Urbano;147120;DISEÑOS PARA LA OPTIMIZACION DE LOS SISTEMAS DE ACUEDUCTO Y ALCANTARILLADO DEL MUNICIPIO DE QUIBDO;PGN;3713372232;0;Liquidado
10/30/2020;7/03/2024;25;CUNDINAMARCA;25168;Chaguani(CUN), La Palma(CUN), Paratebueno(CUN), Puli(CUN), Viota(CUN);Nueva Población Beneficiada Acueducto Urbano;880;"CONSTRUCCION DE CONEXIONES INTRADOMICILIARIAS PARA LAS ZONAS MAS AFECTADAS POR EL CONFLICTO ARMADO ""ZOMAC"" DE DEPARTAMENTO DE CUNDINAMARCA";Obras por Impuestos;0;0;Terminado
10/30/2020;7/03/2024;25;CUNDINAMARCA;25168;Chaguani(CUN), La Palma(CUN), Paratebueno(CUN), Puli(CUN), Viota(CUN);Nueva Población Beneficiada Acueducto Rural;455;"CONSTRUCCION DE CONEXIONES INTRADOMICILIARIAS PARA LAS ZONAS MAS AFECTADAS POR EL CONFLICTO ARMADO ""ZOMAC"" DE DEPARTAMENTO DE CUNDINAMARCA";Obras por Impuestos;0;0;Terminado
10/30/2020;7/03/2024;25;CUNDINAMARCA;25168;Chaguani(CUN), La Palma(CUN), Paratebueno(CUN), Puli(CUN), Viota(CUN);Nueva Población Beneficiada Alcantarillado Urbano;880;"CONSTRUCCION DE CONEXIONES INTRADOMICILIARIAS PARA LAS ZONAS MAS AFECTADAS POR EL CONFLICTO ARMADO ""ZOMAC"" DE DEPARTAMENTO DE CUNDINAMARCA";Obras por Impuestos;0;0;Terminado
10/30/2020;7/03/2024;25;CUNDINAMARCA;25168;Chaguani(CUN), La Palma(CUN), Paratebueno(CUN), Puli(CUN), Viota(CUN);Nueva Población Beneficiada Alcantarillado Rural;455;"CONSTRUCCION DE CONEXIONES INTRADOMICILIARIAS PARA LAS ZONAS MAS AFECTADAS POR EL CONFLICTO ARMADO ""ZOMAC"" DE DEPARTAMENTO DE CUNDINAMARCA";Obras por Impuestos;0;0;Terminado
10/03/2020;7/03/2024;5;ANTIOQUIA;5490;Necoclí-(ANT);Nueva Población Beneficiada Acueducto Rural;4797;CONSTRUCCION DEL PLAN MAESTRO DE ACUEDUCTO DEL CORREGIMIENTO EL TOTUMO DEL MUNICIPIO DE NECOCLI;PDA;0;6365122249;Terminado
03/27/2019;7/03/2024;70;SUCRE;70708;San Marcos(SUC);Nueva Población Beneficiada Acueducto Urbano;1490;AMPLIACION Y OPTIMIZACION  DEL SISTEMA DE ACUEDUCTO DEL MUNICIPIO DE SAN MARCOS;PDA;4628043513;2835351076;Liquidado
02/19/2021;7/03/2024;68;SANTANDER;68669;San Andres(SAN);Nueva Población Beneficiada Alcantarillado Urbano;2540;OPTIMIZACION Y AMPLIACION DEL ALCANTARILLADO SANITARIO Y PLUVIAL DEL CASCO URBANO DEL MUNICIPIO DE SAN ANDRES, SANTANDER;PGN;4368608078;1946404544;Liquidado
10/30/2021;7/03/2024;25;CUNDINAMARCA;25000;CUNDINAMARCA, Guayabal De Siquima(CUN), Guayabetal(CUN), Paratebueno(CUN);Nueva Población Beneficiada Alcantarillado Rural;1580;CONSTRUCCION DE UNIDADES SANITARIA PARA LAS ZONAS MAS AFECTADAS POR EL CONFLICTO ARMADO DEL DEPARTAMENTO DE CUNDINAMARCA;Obras por Impuestos;0;0;Liquidado
10/27/2021;7/03/2024;13;BOLIVAR;13458;Montecristo(BOL);Nueva Población Beneficiada Acueducto Urbano;9072;CONSTRUCCION, OPTIMIZACION, AMPLIACION DEL SISTEMA DE ACUEDUCTO DE LA CABECERA MUNICIPAL DE MONTECRISTO.;PDA;4665364188;5927176755;En Liquidación
12/11/2019;7/03/2024;47;MAGDALENA;47980;Zona Bananera(MAG);Nueva Población Beneficiada Acueducto Urbano;6957;OPTIMIZACION Y AMPLIACION DEL SISTEMA DE ACUEDUCTO DEL MUNICIPIO DE ZONA BANANERA, CENTRO NUCLEADO DE GUACAMAYAL;PDA;0;2896843052;Liquidado
10/29/2019;7/03/2024;52;NARIÑO;52022;Aldana(NAR);Nueva Población Beneficiada Alcantarillado Rural;273;CONSTRUCCION DE UNIDADES SANITARIAS PARA HOGARES DEL SECTOR RURAL DEL MUNICIPIO DE ALDANA DEPARTAMENTO DE NARIÑO;PDA;80000000;1382187614;Liquidado Contrato Obra
01/23/2019;7/03/2024;52;NARIÑO;52720;Sapuyes(NAR);Nueva Población Beneficiada Alcantarillado Rural;23;REHABILITACION SISTEMA DE ALCANTARILLADO CARRERA 6 ENTRE CALLE 5 Y 3 MUNICIPIO DE SAPUYES. DEPARTAMENTO DE NARIÑO.;Ola Invernal Menor;0;223216848;En Liquidación
3/04/2019;7/03/2024;52;NARIÑO;52110;Buesaco(NAR);Nueva Población Beneficiada Alcantarillado Rural;348;AMPLIACION Y OPTlMIZACION DEL SISTEMA DE ALCANTARILLADO VEREDA JUANAMBU, MUNICIPIO DE BUESACO;PDA;0;1209722323;En Liquidación
3/08/2017;7/03/2024;52;NARIÑO;52227;Cumbal(NAR);Nueva Población Beneficiada Acueducto Rural;1;CONSTRUCCION DEL SISTEMA DE CONDUCCION PARA EL ACUEDUCTO DE LA VEREDA NAZATE DEL RESGUARDO INDIGENA DE CHILES MUNICIPIO DE CUMBAL;PDA;0;634806739;En Liquidación
01/22/2019;7/03/2024;52;NARIÑO;52585;Pupiales(NAR);Nueva Población Beneficiada Alcantarillado Urbano;5189;REHABILITACION SISTEMA DE ALCANTARILLADO DE LA CALLE SEPTlMA ENTRE CARRERA TERCERA Y QUINTA DEL MUNICIPIO DE PUPIALES-NARIÑO;Ola Invernal Menor;0;228273182;En Liquidación
02/27/2020;7/03/2024;52;NARIÑO;52687;San Lorenzo(NAR);Nueva Población Beneficiada Alcantarillado Urbano;582;MEJORAMIENTO DE LAS CONDICIONES DE SANEAMIENTO RURAL MEDIANTE LA IMPLEMENTACION DE ACCIONES DE DESCONTAMINACION, EDUCACION Y PRESERVACION AMBIENTAL EN LA CUENCA DEL RIO JUANAMBU, MUNICIPIO DE SAN LORENZO -NARIÑO;PDA;0;1466418062;Terminado
07/24/2019;7/03/2024;13;BOLIVAR;13490;Norosá­(BOL);Nueva Población Beneficiada Acueducto Urbano;553;CONSTRUCCION, AMPLIACION, OPTIMIZACION Y/O REHABILITACION DEL SISTEMA DE ACUEDUCTO DE LA CABECERA MUNICIPAL DE NOROSI;PDA;2084347940;468439288;En Liquidación
10/17/2020;7/03/2024;86;PUTUMAYO;86001;Mocoa(PUT);Nueva Población Beneficiada Alcantarillado Urbano;2342;ADQUISICION DE UN EQUIPO DE PRESICION SUCCION MUNICIPIO DE MOCOA;BID;1620000000;0;Liquidado
8/04/2020;7/03/2024;47;MAGDALENA;47288;Fundacion(MAG);Nueva Población Beneficiada Alcantarillado Urbano;14732;AMPLIACION Y OPTIMIZACION DEL SISTEMA DE ALCANTARILLADO SANITARIO DEL MUNICIPIO DE FUNDACION ETAPA II;PGN;36537888134;0;Liquidado
09/27/2018;7/03/2024;27;CHOCO;27050;Atrato(CHO);Nueva Población Beneficiada Alcantarillado Urbano;3823;CONSTRUCCION DEL SISTEMA DE ALCANTARILLADO DEL MUNICIPIO DE ATRATO;Todos Por el Pacífico;6493246693;0;Terminado
06/26/2019;7/03/2024;68;SANTANDER;68307;Giron(SAN);Nueva Población Beneficiada Alcantarillado Urbano;141214;OBRAS COMPLEMENTARIAS ETAPA II FASE 2 - REACTOR UASB 5 DE LA PTAR RIO FRIO MUNICIPIO DE GIRON;PGN;2489884597;0;Liquidado
6/12/2021;7/03/2024;44;LA GUAJIRA;44430;Maicao(LA );Nueva Población Beneficiada Acueducto Rural;10000;MODELO DE DISTRIBUCION DE AGUA POTABLE PARA LAS COMUNIDADES INDIGENAS WAYÃšU DE LA ZONA RURAL DISPERSA DEL MUNICIPIO DE MAICAO-LA GUAJIRA;Obras por Impuestos;0;0;Terminado
2/12/2020;7/03/2024;68;SANTANDER;68547;Piedecuesta(SAN);Nueva Población Beneficiada Acueducto Urbano;2137;CONSTRUCCION DEL SISTEMA DE DISTRIBUCION DE AGUA POTABLE SECTOR CIUDAD TEYUNA FASE II, MUNICIPIO DE PIEDECUESTA;PGN;2705732267;20025087;Liquidado Contrato Obra
4/09/2024;7/03/2024;68;SANTANDER;68169;Charta(SAN);Nueva Población Beneficiada Alcantarillado Rural;119;CONSTRUCCION DE UNIDADES SANITARIAS CON SANEAMIENTO BASICO PARA VIVIENDA RURAL DISPERSA EN CHARTA;Obras por Impuestos;0;0;Terminado
03/15/2020;7/03/2024;25;CUNDINAMARCA;25524;Pandi(CUN);Nueva Población Beneficiada Acueducto Urbano;832;OPTIMIZACION DE REDES PRINCIPALES Y CONSTRUCCION DE REDES SECUNDARIAS ACUEDUCTO REGIONAL DE PANDI CUNDINAMARCA FASE III;PDA;0;1702522308;Liquidado
03/31/2021;7/03/2024;86;PUTUMAYO;86001;Mocoa(PUT);Nueva Población Beneficiada Acueducto Urbano;44400;COMPONENTE 4. FORTALECIMIENTO DE CAPACIDADES  Y EDUCACION SANITARIA Y AMBIENTAL EN EL MUNICIPIO DE MOCOA, DEPARTAMENTO DE PUTUMAYO;BID;1119471080;0;Liquidado
03/31/2021;7/03/2024;86;PUTUMAYO;86001;Mocoa(PUT);Nueva Población Beneficiada Alcantarillado Urbano;44400;COMPONENTE 4. FORTALECIMIENTO DE CAPACIDADES  Y EDUCACION SANITARIA Y AMBIENTAL EN EL MUNICIPIO DE MOCOA, DEPARTAMENTO DE PUTUMAYO;BID;1119471080;0;Liquidado
04/14/2021;7/03/2024;73;TOLIMA;73268;Espinal(TOL);Nueva Población Beneficiada Acueducto Urbano;1000;OBRAS PRIORITARIAS DEL SISTEMA DE ACUEDUCTO FASE I  DEL MUNICPIO DE ESPINAL;PGN;8264612678;864335231;Terminado
06/17/2020;7/03/2024;66;RISARALDA;66001;Pereira(RIS);Nueva Población Beneficiada Alcantarillado Urbano;70000;OBRAS DE OPTIMIZACION CANALIZACIÃ“N QUEBRADA EGOYÃ MUNICIPIO DE PEREIRA;Tasa Compensada;0;21666124214;Liquidado
4/10/2023;7/03/2024;20;CESAR;20032;Astrea(CES);Nueva Población Beneficiada Acueducto Urbano;1075;OPTIMIZACION DEL SISTEMA DE ACUEDUCTO Y ALCANTARILLADO SANITARIO (FASE 2) DE LA CABECERA MUNICIPAL DE ASTREA DEPARTAMENTO DEL CESAR;PGN;6055119856;4155474411;Terminado
4/10/2023;7/03/2024;20;CESAR;20032;Astrea(CES);Nueva Población Beneficiada Alcantarillado Urbano;7280;OPTIMIZACION DEL SISTEMA DE ACUEDUCTO Y ALCANTARILLADO SANITARIO (FASE 2) DE LA CABECERA MUNICIPAL DE ASTREA DEPARTAMENTO DEL CESAR;PGN;6055119856;4155474411;Terminado
1/08/2020;7/03/2024;66;RISARALDA;66001;Pereira(RIS);Nueva Población Beneficiada Alcantarillado Urbano;577508;SUMINISTRO Y OBRAS CIVILES PARA LA CONSTRUCCION DEL TRASVASE DE AGUAS RESIDUALES DE LA ZONA DE DRENAJES DEL RIO CONSOTA A LA ZONA DE DRENAJES DEL RIO OTUN Y DESCARGA PROVISIONAL MUNICIPIO DE PEREIRA;Tasa Compensada;0;13795047162;Liquidado
10/01/2021;7/03/2024;20;CESAR;20295;Gamarra(CES);Nueva Población Beneficiada Alcantarillado Rural;1089;CONSTRUCCION DE CIENTO VEINTIUNO (121) UNIDADES SANITARIAS CON SANEAMIENTO BASICO PARA VIVIENDA RURAL DISPERSA DEL MUNICIPIO DE GAMARRA;PGN;1834386685;0;Liquidado
09/30/2022;7/03/2024;76;VALLE DEL CAUCA;76318;Guacari(VAL);Nueva Población Beneficiada Acueducto Rural;5264;OPTIMIZACION DE REDES DE DISTRIBUCION DE ACUEDUCTO CORREGIMIENTO DE GUABITAS, MUNICIPIO DE GUACARÃ;PGN;2500000000;648883025;Terminado
07/25/2023;7/03/2024;19;CAUCA;19397;La Vega(CAU);Nueva Población Beneficiada Alcantarillado Urbano;264;TERMINACION PLAN MAESTRO DE ALCANTARILLADO CABECERA MUNICIPAL DE LA VEGA;PDA;889150630;3073993919;Terminado
4/11/2023;7/03/2024;41;HUILA;41518;Paicol(HUI);Nueva Población Beneficiada Alcantarillado Urbano;1480;OPTIMIZACION SISTEMA DE ALCANTARILLADO COMBINADO CASCO URBANO PRIMERA FASE SECTOR OCCIDENTE DEL MUNICIPIO DE PAICOL-DEPARTAMENTO DEL HUILA;PDA;0;3979239508;En Liquidación
10/09/2020;7/03/2024;86;PUTUMAYO;86749;Sibundoy(PUT);Nueva Población Beneficiada Acueducto Urbano;12858;REHABILITACION Y MEJORAMIENTO DEL SISTEMA DE ACUEDUCTO DEL CASCO URBANO DEL MUNICIPIO DE SIBUNDOY I ETAPA OLA INVERNAL MUNICIPIO DE SIBUNDOY-PUTUMAYO;Ola Invernal Mayor;925270027;0;En Liquidación
03/14/2023;7/03/2024;27;CHOCO;27077;Bajo Baudo (pizarro)(CHO);Nueva Población Beneficiada Alcantarillado Urbano;2170;OPTIMIZACION DEL SISTEMA DE ALCANTARILLADO, Y CONSTRUCCION PTAR DEL MUNICIPIO DE BAJO BAUDO;PGN;8974624904;2608440395;En Liquidación
09/18/2023;7/03/2024;23;CORDOBA;23660;Sahagun(COR);Nueva Población Beneficiada Acueducto Urbano;45655;OPTIMIZACION Y AMPLIACION DEL SISTEMA DE ACUEDUCTO EN EL MUNICIPIO DE SAHAGUN FASE II (ACT);PGN;6118679519;4199093788;Terminado
11/20/2018;7/03/2024;41;HUILA;41378;La Argentina(HUI);Nueva Población Beneficiada Acueducto Urbano;734;PLAN MAESTRO DE ACUEDUCTO Y ALCANTARILLADO FASE I-MUNICIPIO DE LA ARGENTINA;PGN;6250698869;0;Liquidado
9/06/2021;7/03/2024;63;QUINDIO;63001;Armenia(QUI);Nueva Población Beneficiada Alcantarillado Urbano;120;OPTIMIZACION DE ALCANTARILLADOS BARRIOS LA MIRANDA, CIUDADELA, NUEVO ARMENIA Y LA LINDA DE, MUNICIPIO DE ARMENIA;PGN;2170210481;261828929;En Liquidación
03/23/2021;7/03/2024;63;QUINDIO;63470;Montenegro(QUI);Nueva Población Beneficiada Acueducto Rural;943;CONSTRUCCION DE LA LINEA DE EXPANSION DEL SISTEMA DE ACUEDUCTO HACIA EL SECTOR RURAL DEL MUNICIPIO DE MONTENEGRO SECTOR EL CASTILLO-EL CUZCO;PGN;3874044476;0;Liquidado
05/27/2022;7/03/2024;73;TOLIMA;73624;Rovira(TOL);Nueva Población Beneficiada Acueducto Urbano;800;OPTIMIZACION ACUEDUCTO URBANO DEL MUNICIPIO DE ROVIRA;PDA;2631205957;1819063708;Terminado
11/03/2021;7/03/2024;8;ATLANTICO;8638;Sabanalarga(ATL);Nueva Población Beneficiada Acueducto Urbano;57447;AMPLlACION REDES DE ACUEDUCTO MUNICIPIO DE SABANALARGA SECTOR 1 Y 2 - ETAPA I;PGN;3643185270;565302035;En Liquidación
11/04/2021;7/03/2024;41;HUILA;41483;Nataga(HUI);Nueva Población Beneficiada Acueducto Urbano;73;CONSTRUCCION PLAN MAESTRO DE ACUEDUCTO DEL MUNICIPIO DE NATAGA-HUILA  FASE I;PDA;0;3980121365;Liquidado
1/03/2019;7/03/2024;52;NARIÑO;52788;Tangua(NAR);Nueva Población Beneficiada Acueducto Rural;1821;OPTIMIZACION SISTEMAS DE ACUEDUCTO PARA LAS VEREDAS AJOS, TAMBOR, CEBADAL Y BUENA ESPERANZA DEL MUNICIPIO DE TANGUA;PDA;850755674;660991712;Liquidado
12/02/2020;7/03/2024;25;CUNDINAMARCA;25875;Villeta(CUN);Nueva Población Beneficiada Acueducto Rural;115;CONSTRUCCION PARA LA OPTIMIZACION DEL SISTEMA ACUEDUCTO Y ALCANTARILLADO DEL CENTRO POBLADO EL PUENTE MUNICPIO DE VILLETA;PDA;0;1264333207;Liquidado Contrato Obra
12/02/2020;7/03/2024;25;CUNDINAMARCA;25875;Villeta(CUN);Nueva Población Beneficiada Alcantarillado Rural;115;CONSTRUCCION PARA LA OPTIMIZACION DEL SISTEMA ACUEDUCTO Y ALCANTARILLADO DEL CENTRO POBLADO EL PUENTE MUNICPIO DE VILLETA;PDA;0;1264333207;Liquidado Contrato Obra
7/05/2019;7/03/2024;95;GUAVIARE;95200;Miraflores(GUA);Nueva Población Beneficiada Alcantarillado Urbano;60;PLAN MAESTRO DE  ALCANTARILLADO MUNICIPIO DE MIRAFLORES FASE 2;PDA;2406482495;3692518983;Liquidado Contrato Obra
03/30/2022;7/03/2024;76;VALLE DEL CAUCA;76616;Riofrio(VAL);Nueva Población Beneficiada Alcantarillado Rural;3200;MEJORAMIENTO Y AMPLIACION DEL SISTEMA DE ALCANTARILLADO Y CONSTRUCCION DE LA PTAR DEL CORREGIMIENTO DE SALÃ“NICA - MUNICIPIO RIOFRIO;BID;7125387405;0;En Liquidación
8/10/2020;7/03/2024;76;VALLE DEL CAUCA;76828;Trujillo(VAL);Nueva Población Beneficiada Acueducto Rural;1617;CONSTRUCCION DEL SISTEMA DE TRAATAMIENTO DE AGUA POTABLE, REDES DE ABASTECIMIENTO Y SOLUCIONES INDIVIDUALES DE SANEAMIENTO PARA LA VEREDA CULEBRAS DEL MUNICIPIO DE TRUJILLO;BID;3298850180;0;En Liquidación
8/10/2020;7/03/2024;76;VALLE DEL CAUCA;76828;Trujillo(VAL);Nueva Población Beneficiada Alcantarillado Rural;136;CONSTRUCCION DEL SISTEMA DE TRAATAMIENTO DE AGUA POTABLE, REDES DE ABASTECIMIENTO Y SOLUCIONES INDIVIDUALES DE SANEAMIENTO PARA LA VEREDA CULEBRAS DEL MUNICIPIO DE TRUJILLO;BID;3298850180;0;En Liquidación
05/13/2022;7/03/2024;8;ATLANTICO;8078;Baranoa(ATL);Nueva Población Beneficiada Acueducto Rural;1740;CONSTRUCCION DE LAS REDES DEL ACUEDUCTO DEL CORREGIMIENTO DE SIBARCO EN EL MUNICIPIO DE BARANOA DEPARTAMENTO DEL ATLÁNTICO;PGN;1442488724;889143254;Terminado
12/06/2021;7/03/2024;68;SANTANDER;68655;Sabana De Torres(SAN);Nueva Población Beneficiada Acueducto Rural;618;CONSTRUCCION DEL ACUEDUCTO PARA LAS VEREDAS CRISTALES LA YE Y CAYUMBITA DEL ÃREA RURAL DEL MUNICIPIO DE SABANA DE TORRES, SANTANDER;Obras por Impuestos;0;0;Liquidado
02/26/2019;7/03/2024;23;CORDOBA;23001;Monteria(COR);Nueva Población Beneficiada Alcantarillado Urbano;5249;EXTENSION DE REDES DE ALCANTARILLADO EN LOS BARRIOS BONANZA, CARIBE Y VILLA CARIBE DE LA CIUDAD DE MONTERÃA-CÃ“RDOBA;PGN;8103482036;0;Liquidado
06/28/2019;7/03/2024;47;MAGDALENA;47030;Algarrobo(MAG);Nueva Población Beneficiada Alcantarillado Urbano;4230;CONSTRUCCION DEL SISTEMA DE ALCANTARILLADO  SANITARIO DEL MUNICIPIO DE ALGARROBO, MAGDALENA - FASE II;PGN;7180803864;0;Liquidado
12/28/2019;7/03/2024;25;CUNDINAMARCA;25807;Tibirita(CUN);Nueva Población Beneficiada Acueducto Urbano;155;CONSTRUCCION DE LAS OBRAS DE OPTIMIZACION DE LOS SISTEMAS DE ACUEDUCTO DEL MUNICIPIO DE TIBIRITA;PDA;0;604532366;Liquidado Contrato Obra
02/28/2019;7/03/2024;47;MAGDALENA;47960;Zapayan(MAG);Nueva Población Beneficiada Alcantarillado Urbano;2950;CONSTRUCCION DEL SISTEMA DE  ALCANTARILLADO SANITARIO DE LA CABECERA DEL MUNICIPIO DE ZAPAYÃN;PDA;0;5296151252;Liquidado Contrato Obra
07/31/2020;7/03/2024;88;SAN ANDRES;88001;San Andres(SAN);Nueva Población Beneficiada Alcantarillado Urbano;15000;CONSTRUCCION DEL SISTEMA DE ALCANTARILLADO SANITARIO DEL DISTRITO NO. 4 (INCLUYE ESTACION DE BOMBEO Y REDES SECUNDARIAS ) SAN ANDRES;PGN;31546817421;0;Terminado
9/07/2020;7/03/2024;25;CUNDINAMARCA;25372;Junín(CUN);Nueva Población Beneficiada Alcantarillado Urbano;1054;CONSTRUCCION DE LA PLANTA DE TRATAMIENTO DE AGUAS RESIDUALES (PTAR) DEL CASCO URBANO DEL MUNICIPIO DE JUNIN;PDA;0;1313423785;Terminado
09/29/2020;7/03/2024;25;CUNDINAMARCA;25862;Vergara(CUN);Nueva Población Beneficiada Alcantarillado Urbano;1919;CONSTRUCCION  PARA LA OPTIMIZACION DEL SISTEMA DE ALCANTARILLADO DEL CENTRO URBANO MUNICIPIO DE VERGARA;PDA;0;2144711617;Terminado
9/04/2023;7/03/2024;88;SAN ANDRES;88001;San Andres(SAN);Nueva Población Beneficiada Alcantarillado Urbano;2998;EXPANSION DE REDES DE ALCANTARILLADO SANITARIO EN LOS DISTRITOS 1,2,Y 3 SAN ANDRÉS;PDA;5553725521;1477513779;Liquidado Contrato Obra
12/16/2018;7/03/2024;5;ANTIOQUIA;5142;CARACOLI­(ANT);Nueva Población Beneficiada Alcantarillado Urbano;528;CONSTRUCCION DEL PLAN MAESTRO DE ACUEDUCTO Y ALCANTARILLADO DE LA ZONA URBANA DEL MUNICIPIO DE CARACOLI- ETAPA 1 - ANTIOQUIA;PDA;0;3393507564;Liquidado
02/28/2020;7/03/2024;23;CORDOBA;23350;La Apartada(COR);Nueva Población Beneficiada Alcantarillado Urbano;6455;OPTIMIZACION DE REDES DE ALCANTARILLADO SANITARIO DEL MUNICIPIO DE LA APARTADA, FASE I;PDA;0;4157136957;Liquidado
08/15/2022;7/03/2024;91;AMAZONAS;91430;La Victoria(AMA);Nueva Población Beneficiada Alcantarillado Rural;122;CONSTRUCCION DEL SISTEMA DE ALCANTARILLADO CENTRO POBLADO CORREGIMIENTO LA VICTORIA (SISTEMAS INDIVIDUALES );PDA;133750736;435227857;Terminado
9/10/2022;7/03/2024;23;CORDOBA;23001;Monteria(COR);Nueva Población Beneficiada Acueducto Rural;5325;OPTIMIZACION DEL SISTEMA DE ACUEDUCTO DEL CORREGIMIENTO SAN ISIDRO Y LAS VEREDAS GALILEA, LOS MONCHOLOS, NUEVO PARAISO, GRAN ESFUERZO, EL CONGO, NUEVA OLA, SAN ANTERITO Y SALAMINA DEL MUNICIPIO MONTERIA EN EL DEPARTAMENTO DE CORDOBA;PGN;8689157849;4039948155;Terminado
02/28/2019;7/03/2024;20;CESAR;20060;Bosconia(CES);Nueva Población Beneficiada Acueducto Urbano;31108;LINEA DE IMPULSION PARA LA OPTIMIZACION DEL SISTEMA DE ACUEDUCTO DEL MUNICIPIO DE BOSCONIA;PDA;5283674457;0;En Liquidación
11/30/2020;7/03/2024;20;CESAR;20621;Robles (la Paz)(CES);Nueva Población Beneficiada Acueducto Urbano;31036;CONSTRUCCION Y OPTIMIZACION DE LAS REDES DEL SISTEMA DE ACUEDUCTO EN LA CABECERA MUNICIPAL DE LA PAZ-DEPARTAMENTO DEL CESAR FASE II;PGN;2986028560;0;Terminado
04/25/2022;7/03/2024;27;CHOCO;27001;Quibdo(CHO);Nueva Población Beneficiada Alcantarillado Urbano;306;CONSTRUCCION DEL SISTEMA DE ALCANTARILLADO EN LA COMUNIDAD INDÃGENA DEL KM7 SECTOR LAS PALMAS MUNICIPIO DE QUIBDO;Obras por Impuestos;0;0;Liquidado
02/27/2023;7/03/2024;25;CUNDINAMARCA;25473;Mosquera(CUN);Nueva Población Beneficiada Acueducto Rural;3105;CONSTRUCCION DEL ACUEDUCTO RURAL PARA LAS VEREDAS SAN JOSE Y BALSILLA, CON LOS SECTORES PLAYÃ“N, PARCELAS, MONDOÃ‘EDO, LOS PUENTES, VISTA HERMOSA, PENCAL Y SECTOR LOS PINOS MUNICIPIO DE MOSQUERA;PDA;0;5509850004;Terminado
10/29/2018;7/03/2024;76;VALLE DEL CAUCA;76318;Guacari(VAL);Nueva Población Beneficiada Alcantarillado Urbano;200;CONSTRUCCION  ALCANTARILLADO DEL CORREGIMIENTO DE SONSO EN EL MUNICIPIO DE GUACARI.;PDA;0;8551893211;Terminado
9/03/2018;7/03/2024;27;CHOCO;27001;Quibdo(CHO);Nueva Población Beneficiada Acueducto Urbano;13900;OPTIMIZACION REDES DEL SISTEMA DE ACUEDUCTO DE LA CABECERA MUNICIPAL DE QUIBDO;PGN;29523698987;17293269935;En Liquidación
02/24/2023;7/03/2024;88;SAN ANDRES;88001;San Andres(SAN);Nueva Población Beneficiada Acueducto Urbano;1321;EXPANSION DE 3.2KM DE REDES DE ACUEDUCTO EN LA ISLA DE SAN ANDRÉS;PGN;3453709817;338599002;Terminado
04/30/2021;7/03/2024;23;CORDOBA;23162;Cerete(COR);Nueva Población Beneficiada Alcantarillado Urbano;3261;CONSTRUCCION DE REDES DE ALCANTARILLADO Y AMPLIACION DE COBERTURA DE SECTORES No. 4 ETAPA 1 FASE II MUNICIPIO DE CERETÉ;PGN;5946597729;0;En Liquidación
12/31/2021;7/03/2024;73;TOLIMA;73024;Alpujarra(TOL);Nueva Población Beneficiada Acueducto Rural;550;ESTRUCTURACION Y FORMULACION DEL PROYECTO CONSTRUCCION ACUEDUCTO VEREDAL VEGA DE GRAMAL Y LOS MEDIOS DEL MUNICIPIO DE ALPUJARRA - TOLIMA;BID;5789059510;0;En Liquidación
12/17/2022;7/03/2024;70;SUCRE;70001;Sincelejo(SUC);Nueva Población Beneficiada Acueducto Urbano;2878;EXTENSION DE REDES DE ACUEDUCTO PARA EL SUMINISTRO DE AGUA POTABLE DE GALLERA EN EL MUNICIPIO DE SINCELEJO;PGN;3028330628;450934946;Terminado
10/11/2020;7/03/2024;19;CAUCA;19142;Caloto(CAU);Nueva Población Beneficiada Acueducto Rural;800;CONSTRUCCION DEL SISTEMA DE TRATAMIENTO DE AGUA POTABLE, OPTIMIZACION DE LAS REDES DE ABASTECIMIENTO Y CONSTRUCCION DE SOLUCIONES INDIVIDUALES DE SANEAMIENTO PARA EL SISTEMA INTERVEREDAL ASOALMA DEL MUNICIPIO DE CALOTO;BID;4322942345;0;En Liquidación
10/11/2020;7/03/2024;19;CAUCA;19142;Caloto(CAU);Nueva Población Beneficiada Alcantarillado Rural;184;CONSTRUCCION DEL SISTEMA DE TRATAMIENTO DE AGUA POTABLE, OPTIMIZACION DE LAS REDES DE ABASTECIMIENTO Y CONSTRUCCION DE SOLUCIONES INDIVIDUALES DE SANEAMIENTO PARA EL SISTEMA INTERVEREDAL ASOALMA DEL MUNICIPIO DE CALOTO;BID;4322942345;0;En Liquidación
8/05/2019;7/03/2024;44;LA GUAJIRA;44560;Manaure(LA );Nueva Población Beneficiada Acueducto Rural;12500;MODELO DE DISTRIBUCION DE AGUA POTABLE PARA LAS COMUNIDADES INDÃGENAS WAYUU DE LA ZONA RURAL DISPERSA MUNICIPIO DE MANAURE;BID;5831908154;0;En Liquidación
12/16/2022;7/03/2024;41;HUILA;41006;Acevedo(HUI);Nueva Población Beneficiada Alcantarillado Urbano;306;CONSTRUCCION PLAN MAESTRO DE ALCANTARILLADO SANITARIO Y PLUVIAL DEL MUNICIPIO DE ACEVEDO-FASE I;PDA;0;8233171613;Terminado
3/09/2023;7/03/2024;25;CUNDINAMARCA;25649;San Bernardo(CUN);Nueva Población Beneficiada Acueducto Urbano;945;CONSTRUCCION DE LAS OBRAS DEL PLAN MAESTRO DE ACUEDUCTO DEL MUNICIPIO DE SAN BERNARDO;PDA;0;5787813449;Terminado
09/15/2022;7/03/2024;52;NARIÑO;52435;Mallama(NAR);Nueva Población Beneficiada Acueducto Urbano;75;MEJORAMIENTO DEL SISTEMA DE ABASTECIMIENTO, CONSTRUCCION PLANTA DE TRATAMIENTO DE AGUA POTABLE Y OPTIMIZACION DEL SISTEMA DE ALCANTARILLADO EN EL CASCO URBANO DEL MUNICIPIO DE MALLAMA;PDA;0;4311588306;Liquidado Contrato Obra
09/15/2022;7/03/2024;52;NARIÑO;52435;Mallama(NAR);Nueva Población Beneficiada Alcantarillado Urbano;112;MEJORAMIENTO DEL SISTEMA DE ABASTECIMIENTO, CONSTRUCCION PLANTA DE TRATAMIENTO DE AGUA POTABLE Y OPTIMIZACION DEL SISTEMA DE ALCANTARILLADO EN EL CASCO URBANO DEL MUNICIPIO DE MALLAMA;PDA;0;4311588306;Liquidado Contrato Obra
11/24/2018;7/03/2024;44;LA GUAJIRA;44430;Maicao(LA );Nueva Población Beneficiada Acueducto Urbano;6720;PRESURIZACION RED DE ACUEDUCTO, INCLUYE PROYECTO PILOTO, MICROMEDICION, ELIMINACION DE FRAUDES Y PROCESO DE DIVULGACION Y CAMPAÑAS DE SOCIALIZACION DEL MUNICIPIO DE MAICAO;PDA;0;8788796454;Terminado
9/01/2023;7/03/2024;20;CESAR;20517;Pailitas(CES);Nueva Población Beneficiada Alcantarillado Rural;1105;OPTIMIZACION DEL SISTEMA DE ACUEDUCTO Y CONSTRUCCION DE LA PLANTA DE TRATAMIENTO DE AGUAS RESIDUALES DEL CORREGIMIENTO DE PALESTINA MUNICIPIO DE PAILITAS DEPARTAMENTO DEL CESAR;PGN;3825821762;0;Terminado
04/13/2023;7/03/2024;41;HUILA;41660;Saladoblanco(HUI);Nueva Población Beneficiada Acueducto Urbano;100;CONSTRUCCION PLAN MAESTRO DE ACUEDUCTO Y  ALCANTARILLADO MUNICIPIO DE SALADOBLANCO FASE I;PDA;0;6266140056;Liquidado
04/13/2023;7/03/2024;41;HUILA;41660;Saladoblanco(HUI);Nueva Población Beneficiada Alcantarillado Urbano;4026;CONSTRUCCION PLAN MAESTRO DE ACUEDUCTO Y  ALCANTARILLADO MUNICIPIO DE SALADOBLANCO FASE I;PDA;0;6266140056;Liquidado
01/30/2021;7/03/2024;68;SANTANDER;68077;Barbosa(SAN);Nueva Población Beneficiada Acueducto Urbano;43217;CONSTRUCCION DE REDES DE CONDUCCION Y OPTIMIZACION DEL ACUEDUCTO EN EL MUNICIPIO DE BARBOSA;PGN;4794866430;4220300715;En Liquidación
12/31/2020;7/03/2024;41;HUILA;41001;Neiva(HUI);Nueva Población Beneficiada Alcantarillado Urbano;1220;CONSTRUCCION DE LA PRIMERA FASE DE LA RED DE ALCANTARILLADO SANITARIO DEL BARRIO VILLA COLOMBIA, COMUNA 9 DE LA CIUDAD DE NEIVA, DEPARTAMENTO DEL HUILA;PGN;2000000000;5947633;Liquidado
02/27/2024;7/03/2024;73;TOLIMA;73873;Villarrica(TOL);Nueva Población Beneficiada Acueducto Urbano;2770;OPTIMIZACION DEL SISTEMA DE SUMINISTRO DE AGUA PARA EL ACUEDUCTO DEL MUNICIPIO DE VILLARICA;PDA;743583235;3784522263;Terminado
12/22/2023;7/03/2024;41;HUILA;41001;Neiva(HUI);Nueva Población Beneficiada Alcantarillado Urbano;815;CONSTRUCCION DEL ALCANTARILLADO SANITARIO Y PLUVIAL DEL BARRIO LOS ANDAQUIAES, COMUNA 1 DE LA CIUDAD DE NEIVA;PDA;0;4669278563;Terminado
09/30/2023;7/03/2024;44;LA GUAJIRA;44874;Villanueva(LA );Nueva Población Beneficiada Acueducto Urbano;36375;NUEVO OPTIMIZACION DE LA PLANTA DE TRATAMIENTO DE AGUA POTABLE DEL MUNICIPIO DE VILLANUEVA, DEPARTAMENTO DE LA GUAJIRA;PDA;0;2216533612;Terminado
12/15/2021;7/03/2024;52;NARIÑO;52385;La Llanada(NAR);Nueva Población Beneficiada Acueducto Urbano;3250;CONSTRUCCION PLANTA DE TRATAMIENTO DE AGUA POTABLE CASCO URBANO MUNICIPIO DE LLANADA;PDA;310178195;372477249;En Liquidación
03/31/2020;7/03/2024;20;CESAR;20383;La Gloria(CES);Nueva Población Beneficiada Alcantarillado Rural;540;CONSTRUCCION DE UNIDADES BÃSICAS SANITARIAS PARA LA ZONA RURAL DEL MUNICIPIO DE LA GLORIA CESAR;Obras por Impuestos;0;0;Liquidado
03/31/2023;7/03/2024;73;TOLIMA;73217;Coyaima(TOL);Nueva Población Beneficiada Alcantarillado Rural;1969;CONSTRUCCION DEL ALCANTARILLADO SANITARIO Y PTAR DEL CENTRO POBLADO DE CASTILLA, MUNICIPIO DE COYAIMA;PDA;0;4549182180;Terminado
11/09/2022;7/03/2024;54;N DE SANTANDER;54261;El Zulia(N D);Nueva Población Beneficiada Acueducto Rural;445;CONSTRUCCION DE SISTEMA DE ACUEDUCTO PARA LA VEREDA EL TABLAZO EN EL MUNICIPIO DE EL ZULIA NORTE DE SANTANDER;Obras por Impuestos;0;0;Liquidado
10/14/2020;7/03/2024;86;PUTUMAYO;86885;Villagarzon(PUT);Nueva Población Beneficiada Alcantarillado Urbano;2000;CONSTRUCCION ALCANTARILLADO PLUVIAL ZONA 4A (TRAMO 125A-184A SECTOR COLEGIO VALENCIA) MUNICIPIO DE VILLAGARZON;PGN;4121393827;98000000;Liquidado
05/15/2023;7/03/2024;70;SUCRE;70708;San Marcos(SUC);Nueva Población Beneficiada Alcantarillado Urbano;14795;OPTIMIZACION DE LAS REDES DE ALCANTARILLADO SANITARIO EN LA ZONA URBANA DEL MUNICIPIO DE SAN MARCOS-FASE II, DEPARTAMENTO DE SUCRE;PGN;8390400493;5669189522;Terminado
07/27/2023;7/03/2024;44;LA GUAJIRA;44001;Riohacha(LA );Nueva Población Beneficiada Acueducto Rural;5032;CONSTRUCCION DE OBRAS EN EL PUNTO DE PRODUCCION, SISTEMA DE FILTRACIONESPIDA, CONSTRUCCION PILAS AFERENTES, SUMINISTRO DE DOTACION PARA PILAS, COMPONENTE SOCIAL Y ASEGURAMIENTO EN LA COMUNIDAD DE ROMONERO, MUNICIPIO DE RIOHACHA, LA GUAJIRA;PDA;0;4959728683;Terminado
8/09/2020;7/03/2024;5;ANTIOQUIA;5030;Amagá¡(ANT);Nueva Población Beneficiada Alcantarillado Urbano;3000;CONSTRUCCION DE OBRAS DE OPTIMIZACION DEL SISTEMA DE ALCANTARILLADO URBANO DEL MUNICIPIO DE AMAGA;PGN;7441486062;1549403890;En Liquidación
2/10/2022;7/03/2024;68;SANTANDER;68895;Zapatoca(SAN);Nueva Población Beneficiada Alcantarillado Urbano;9500;OPTIMIZACION Y MEJORAMIENTO DEL SISTEMA DE ALCANTARILLADO COMBINADO FASE I DEL CASCO URBANO DEL MUNICIPIO DE ZAPATOCA- DEPARTAMENTO DE SANTANDER;PGN;2084068826;5039215686;En Liquidación
07/30/2020;7/03/2024;19;CAUCA;19364;Jambaló(CAU);Nueva Población Beneficiada Alcantarillado Urbano;460;CONSTRUCCION DE OBRAS DE OPTIMIZACION DEL SISTEMA DE ALCANTARILLADO DEL MUNICIPIO DE JAMBALO;Contrato Plan;2532008289;192439244;Liquidado
02/26/2020;7/03/2024;19;CAUCA;19001;Popayán(CAU);Nueva Población Beneficiada Acueducto Urbano;14640;CONSTRUCCION DE  SEDIMENTADORES PARA LA AMPLIACION DELCAUDAL A 500 LPS DE LA PLANTA DE TRATAMIENTO DE AGUA POTABLE DE PALACE MUNICIPIO DE POPAYAN;PGN;1822270033;8522525;Liquidado
03/26/2019;7/03/2024;66;RISARALDA;66572;Pueblo Rico(RIS);Nueva Población Beneficiada Acueducto Rural;582;OPTIMIZACION DEL SISTEMA DE ACUEDUCTO DEL CORREGIMIENTO DE SANTA CECILIA MUNICIPIO DE PUEBLO RICO;PDA;1298418080;266731626;Terminado
09/15/2022;7/03/2024;52;NARIÑO;52693;San Pablo(NAR);Nueva Población Beneficiada Alcantarillado Rural;288;OPTIMIZACION DEL ALCANTARILLADO  DEL CORREGIMIENTO DE BRICEÑO,  MUNICIPIO DE SAN PABLO;PDA;0;2711410015;Liquidado
03/27/2022;7/03/2024;5;ANTIOQUIA;5310;Gómez Plata(ANT);Nueva Población Beneficiada Alcantarillado Urbano;7313;CONSTRUCCION DE REDES DE ALCANTARILLADO EN LOS BARRIOS CAMELLON, OBRERO, LOURDES Y LOS SECTORES EL COLEGIO Y LA CARRERA 51 DEL MUNICIPIO DE GOMEZ PLATA;PGN;4760119249;2387613164;En Liquidación
07/26/2019;7/03/2024;54;N DE SANTANDER;54673;San Cayetano(N D);Nueva Población Beneficiada Acueducto Rural;2617;OPTIMIZACION ADUCCION ACUEDUCTO CORREGIMIENTO DE CORNEJO MUNICIPIO DE SAN CAYETANO;PDA;1827179844;104011892;Terminado
03/23/2021;7/03/2024;54;N DE SANTANDER;54405;Los Patios(N D);Nueva Población Beneficiada Alcantarillado Urbano;98082;CONSTRUCCION INTERCEPTORES SUR ORIENTAL Y NOR OCCIDENTAL ALCANTARILLADO LOS PATIOS (REFORMULACION);PDA;2878243822;437694630;Terminado
03/24/2021;7/03/2024;54;N DE SANTANDER;54385;La Esperanza(N D);Nueva Población Beneficiada Acueducto Rural;3004;OPTIMIZACION SISTEMA DE ACUEDUCTO  CORREGIMIENTO LA PEDREGOSA, MUNICIPIO LA ESPERANZA;PDA;596798571;3522834284;Terminado
02/20/2024;7/03/2024;20;CESAR;20175;Chimichagua(CES);Nueva Población Beneficiada Alcantarillado Rural;2926;CONSTRUCCION DE LAS REDES DE ALCANTARILLADO SANITARIO, ESTACIONES DE BOMBEO Y SISTEMAS DE TRATAMIENTO DE AGUAS RESIDUALES DEL CORREGIMIENTO DE SALOA MUNICIPIO DE CHIMICHAGUA-CESAR;PGN;7737967301;3473414557;Terminado
10/15/2020;7/03/2024;85;CASANARE;85430;Trinidad(CAS);Nueva Población Beneficiada Alcantarillado Urbano;18860;OPTIMIZACION PLANTA DE TRATAMIENTO DE AGUAS RESIDUALES DEL MUNICIPIO DE  TRINIDAD, DEPARTAMENTO DE CASANARE.;PDA;235394764;3286596611;Liquidado
02/28/2024;7/03/2024;17;CALDAS;17867;Victoria(CAL);Nueva Población Beneficiada Acueducto Urbano;1376;CONSTRUCCION SISTEMA DE ACUEDUCTO Y ALCANTARILLADO SECTOR LA VARIANTE, MUNICIPIO DE VICTORIA-CALDAS;PGN;1149288765;0;Terminado
02/28/2024;7/03/2024;17;CALDAS;17867;Victoria(CAL);Nueva Población Beneficiada Alcantarillado Urbano;1376;CONSTRUCCION SISTEMA DE ACUEDUCTO Y ALCANTARILLADO SECTOR LA VARIANTE, MUNICIPIO DE VICTORIA-CALDAS;PGN;1149288765;0;Terminado
11/06/2018;7/03/2024;20;CESAR;20060;Bosconia(CES);Nueva Población Beneficiada Acueducto Urbano;33309;ELABORACION PLAN MAESTRO DE ACUEDUCTO Y DISEÑOS DE DETALLE PARA LA OPTIMIZACION DEL ACUEDUCTO DE LA CABECERA MUNICIPAL DE BOSCONIA CESAR;PGN;1265619777;0;Liquidado
2/12/2019;7/03/2024;5;ANTIOQUIA;5250;El Bagre(ANT);Nueva Población Beneficiada Acueducto Urbano;900;CONSTRUCCION DEL PLAN MAESTRO DE ACUEDUCTO URBANO DEL MUNICIPIO DE EL BAGRE ETAPA II;PDA;0;4773790842;Liquidado
11/22/2018;7/03/2024;5;ANTIOQUIA;5306;Giraldo(ANT);Nueva Población Beneficiada Acueducto Rural;744;CONSTRUCCION DEL PLAN MAESTRO DE ACUEDUCTO CORREGIMIENTO MANGLAR DEL MUNICIPIO DE GIRALDO;PDA;0;922015855;Liquidado
11/24/2018;7/03/2024;19;CAUCA;19585;PuracÃ©(CAU);Nueva Población Beneficiada Alcantarillado Urbano;65;CONSTRUCCION, OBRAS DE OPTIMIZACION Y AMPLIACION SISTEMA DE ALCANTARILLADO SANITARIO CABECERA MUNICIPAL COCONUCO MUNICIPIO DE PURACE;PDA;1639767714;2483160334;Liquidado Contrato Obra
06/30/2019;7/03/2024;5;ANTIOQUIA;5209;Concordia(ANT);Nueva Población Beneficiada Acueducto Urbano;2000;CONSTRUCCION DEL PLAN MAESTRO DE ACUEDUCTO DEL MUNICIPIO DE CONCORDIA ETAPA II;PDA;0;3042608871;Liquidado
07/28/2022;7/03/2024;73;TOLIMA;73349;Honda(TOL);Nueva Población Beneficiada Alcantarillado Urbano;3600;CONSTRUCCION DE ALCANTARILLADO EN LOS SECTORES DE CHICO, REFUGIO, LA SONRISA Y NUEVA AMBALEMITA DEL MUNICIPIO DE HONDA;PGN;3199570691;0;En Liquidación
02/14/2022;7/03/2024;73;TOLIMA;73217;Coyaima(TOL);Nueva Población Beneficiada Acueducto Rural;1986;OPTIMIZACION SISTEMA DE ACUEDUCTO DEL CENTRO POBLADO DE CASTILLA, MUNICIPIO DE COYAIMA;PGN;2562701063;0;Terminado
04/19/2021;7/03/2024;20;CESAR;20001;Valledupar(CES);Nueva Población Beneficiada Acueducto Urbano;187000;OPTIMIZACION DE SISTEMA DE ACUEDUCTO DE LA CIUDAD DE VALLEDUPAR, MEDIANTE LA CONSTRUCCION DE TANQUES DE ALMACENAMIENTO DE AGUA TRATADA Y REDES MATRICES DE ACUEDUCTO;PGN;24677750307;197255642;Liquidado
7/11/2020;7/03/2024;41;HUILA;41319;Guadalupe(HUI);Nueva Población Beneficiada Alcantarillado Rural;1;CONSTRUCCION ALCANTARILLADO SANITARIO CENTRO POBLADO LOS CAUCHOS, MUNICIPIO DE GUADALUPE;PDA;0;4543152539;Liquidado
01/14/2020;7/03/2024;41;HUILA;41298;Garzon(HUI);Nueva Población Beneficiada Alcantarillado Urbano;42893;CONSTRUCCION COLECTORES DEL SISTEMA DE ALCANTARILLADO DEL MUNICIPIO DE GARZON, HUILA;PDA;0;2449328786;Liquidado
12/15/2021;7/03/2024;41;HUILA;41006;Acevedo(HUI);Nueva Población Beneficiada Acueducto Urbano;391;CONSTRUCCION PLAN MAESTRO DE ACUEDUCTO DEL MUNICIPIO DE ACEVEDO;PDA;0;3928304657;Liquidado
01/31/2024;7/03/2024;25;CUNDINAMARCA;25662;San Juan De Rioseco(CUN);Nueva Población Beneficiada Acueducto Urbano;4798;CONSTRUCCION PLAN MAESTRO DE ACUEDUCTO URBANO  MUNICIPIO DE SAN JUAN DE RIOSECO;PDA;0;12864464230;Terminado
12/30/2021;7/03/2024;54;N DE SANTANDER;54518;Pamplona(N D);Nueva Población Beneficiada Alcantarillado Urbano;57497;CONEXION DE VERTIMIENTOS PRINCIPALES AL SISTEMA DE ALCANTARILLADO URBANO DE PAMPLONA;PDA;0;824337454;Terminado
11/19/2021;7/03/2024;54;N DE SANTANDER;54344;Hacará­(N D);Nueva Población Beneficiada Acueducto Rural;777;CONSTRUCCION SISTEMA DE ACUEDUCTO EN EL CENTRO POBLADO SAN JOSE DEL TARRA DEL MUNICIPIO DE HACARI;PDA;0;1529593491;Terminado
10/31/2018;7/03/2024;68;SANTANDER;68179;Chipata(SAN);Nueva Población Beneficiada Alcantarillado Urbano;23;PLAN MAESTRO DE ALCANTARILLADO SANITARIO Y PLUVIAL DEL MUNICIPIO DE CHIPATA.;PDA;537559101;2736918211;Liquidado Contrato Obra
02/14/2024;7/03/2024;68;SANTANDER;68464;Mogotes(SAN);Nueva Población Beneficiada Alcantarillado Urbano;1030;OPTIMIZACION DE LAS REDES DE ALCANTARILLADO SANITARIO, PLUVIAL Y  ESTRUCTURAS COMPLEMENTARIAS EN LA CALLE 3, ENTRE CARRERA 2 HASTA LA CARRERA 8 Y, LA CARRERA 8, ENTRE CALLE 5 Y CALLE 2, HASTA ENTREGAR EN LA QUEBRADA GUAYAGUATA, EN EL CASCO URBANO DEL MUNICIPIO DE MOGOTES DEPARTAMENTO DE SANTANDER;PGN;3763651315;4959003776;Terminado
5/06/2024;7/03/2024;76;VALLE DEL CAUCA;76520;Palmira(VAL);Nueva Población Beneficiada Acueducto Rural;2683;ABASTECIMIENTO DE AGUA POTABLE PARA LOS CORREGIMIENTOS DE LA HERRADURA, OBANDO Y MATAPALO MUNICIPIO DE PALMIRA;PGN;2464727101;4050201194;Terminado
05/17/2019;7/03/2024;44;LA GUAJIRA;44035;Albania(LA );Nueva Población Beneficiada Acueducto Urbano;1272;CONSTRUCION DEL NUEVO ACUEDUCTO PARA LA CABECERA MUNICIPAL DE ALBANIA FASE I;PDA;0;11038602804;Terminado
06/17/2019;7/03/2024;41;HUILA;41518;Paicol(HUI);Nueva Población Beneficiada Alcantarillado Urbano;5603;CONSTRUCCION PLANTA DE TRATAMIENTO DE AGUAS RESIDUALES DOMESTICAS CASCO URBANO DEL MUNICIPIO DE PAICOL-HUILA;PDA;0;1533655867;Liquidado
06/23/2019;7/03/2024;91;AMAZONAS;91460;Miritá-Paraná(AMA);Nueva Población Beneficiada Acueducto Rural;295;CONSTRUCCION DEL SISTEMA DE ACUEDUCTO CENTRO POBLADO E INTERNADO DEL CORREGIMIENTO MIRITI PARANA ( (BARCAZA FLOTANTE, LINEA DE ADUCCIO, PTAP, ALMACENAMIENTO Y RED DE DISTRIBUCION);PDA;131388019;2982358900;Liquidado
12/31/2018;7/03/2024;68;SANTANDER;68307;Giron(SAN);Nueva Población Beneficiada Acueducto Rural;6415;CONSTRUCCION RED SECUNDARIA DE DISTRIBUCION DE ACUEDUCTO Y TANQUE DE ALMACENAMIENTO SECTORES ALTOS DE NAZARETH, EL NILO, LA PANADERÃA Y PARADA DE PABLO DE LA VEREDA RUITOQUE DEL MUNICIPIO DE GIRON;Tasa Compensada;0;1094691057;Terminado
11/30/2021;7/03/2024;44;LA GUAJIRA;44430;Maicao(LA );Nueva Población Beneficiada Acueducto Rural;2653;CONSTRUCCION DE OBRAS EN EL PUNTO DE PRODUCCION, SISTEMA DE TRATAMIENTO OSMOSIS INVERSA, CONSTRUCCION PILAS AFERENTES, SUMINISTRO DE DOTACION PARA PILAS, COMPONENTE SOCIAL Y ASEGURAMIENTO EN LA COMUNIDAD DE AMARIPA, MUNICIPIO DE MAICAO, LA GUAJIRA;Obras por Impuestos;0;0;Terminado
07/29/2021;7/03/2024;41;HUILA;41001;Neiva(HUI);Nueva Población Beneficiada Alcantarillado Urbano;1794;"CONSTRUCCION DEL ALCANTARILLADO SANITARIO BARRIO BARREIRO COMPRENDIDO ENTRE CALLES 27 A 29 Y CARRERAS 52"" A 55""";;;;
06/25/2021;7/03/2024;15;BOYACA;15442;Maripi(BOY);Nueva Población Beneficiada Acueducto Urbano;159;CONSTRUCCION PLAN MAESTRO DE ACUEDUCTO Y ALCANTARILLADO FASE I MUNICIPIO DE MARIPI;PDA;987129526;442990290;En Liquidación
06/25/2021;7/03/2024;15;BOYACA;15442;Maripi(BOY);Nueva Población Beneficiada Alcantarillado Urbano;85;CONSTRUCCION PLAN MAESTRO DE ACUEDUCTO Y ALCANTARILLADO FASE I MUNICIPIO DE MARIPI;PDA;987129526;442990290;En Liquidación
3/02/2022;7/03/2024;44;LA GUAJIRA;44001;Riohacha(LA );Nueva Población Beneficiada Acueducto Urbano;21507;AMPLIACION DE REDES DE ACUEDUCTO EN EL DISTRITO DE RIOHACHA;Obras por Impuestos;0;0;Liquidado
12/14/2021;7/03/2024;44;LA GUAJIRA;44110;El Molino(LA );Nueva Población Beneficiada Acueducto Urbano;530;OPTIMIZACION DEL SISTEMA DE ACUEDUCTO DEL MUNICIPIO DE EL MOLINO, DEPARTAMENTO DE LA GUAJIRA;PDA;0;2696050631;Terminado
10/09/2021;7/03/2024;50;META;50318;Guamal(MET);Nueva Población Beneficiada Alcantarillado Urbano;14400;AMPLIACION Y OPTIMIZACION DE LA PLANTA DE TRATAMIENTO DE AGUAS RESIDUALES DEL MUNICIPIO DE GUAMAL;PDA;0;7066688946;Terminado
12/31/2018;7/03/2024;85;CASANARE;85001;Yopal(CAS);Nueva Población Beneficiada Acueducto Urbano;4117;CONSTRUCCION DEL ACUEDUCTO VEREDAL PARA EL CORREGIMIENTO DE TACARIMENA VEREDAS: SIRIVANA, PALOMAS, LA CALCETA, LA MANGA, TACARIMENA, EL TIESTAL, Y LOS MANANTIALES DEL MUNICIPIO DE YOPAL;PDA;0;12677943685;Terminado
02/27/2020;7/03/2024;85;CASANARE;85430;Trinidad(CAS);Nueva Población Beneficiada Acueducto Urbano;1582;"AMPLIACION DE LA RED DE DISTRIBUCION DE AGUA POTABLE Y ALCANTARILLADO  SANITARIO, PARA LA ZONA DE EXPANSION ENTRE CALLES 1 Y 6 SUR, Y DE LA CARRERA 6"" A LA CARRERA 8"" DEL MUNICIPIO DE TRINIDAD, DEPARTAMENTO DE CASANARE";PDA;0;2273847896;Terminado
02/27/2020;7/03/2024;85;CASANARE;85430;Trinidad(CAS);Nueva Población Beneficiada Alcantarillado Urbano;1137;"AMPLIACION DE LA RED DE DISTRIBUCION DE AGUA POTABLE Y ALCANTARILLADO  SANITARIO, PARA LA ZONA DE EXPANSION ENTRE CALLES 1 Y 6 SUR, Y DE LA CARRERA 6"" A LA CARRERA 8"" DEL MUNICIPIO DE TRINIDAD, DEPARTAMENTO DE CASANARE";PDA;0;2273847896;Terminado
01/23/2023;7/03/2024;85;CASANARE;85400;Tamara(CAS);Nueva Población Beneficiada Acueducto Rural;2255;CONSTRUCCION DEL ACUEDUCTO INTERVEREDAL DELICIAS, GUASAQUE, GUCHUVA, LA PALMA, CHAPARRAL, CHITACOTE, ALTO GRANDE, LOMA REDONDA, SANTA HELENA, CRUZ VERDE, LA VICTORIA, LAS ISABELES DEL MUNICIPIO DE TAMARA;PDA;0;18103328418;Terminado
04/30/2019;7/03/2024;85;CASANARE;85250;Paz De Ariporo(CAS);Nueva Población Beneficiada Alcantarillado Urbano;26311;CONSTRUCCION PLANTA DE TRATAMIENTO DE AGUAS RESIDUALES DEL MUNICIPIO DE PAZ DE ARIPORO, CASANARE;PDA;0;15477706792;Terminado
12/21/2021;7/03/2024;66;RISARALDA;66687;Santuario(RIS);Nueva Población Beneficiada Acueducto Urbano;7138;CONSTRUCCION BOCATOMA RÃO SAN RAFAEL  DEL ACUEDUCTO PRINCIPAL DEL MUNICIPIO DE SANTUARIO;Ola Invernal Mayor;0;1222777897;Terminado
08/31/2020;7/03/2024;50;META;50711;Vista Hermosa(MET);Nueva Población Beneficiada Acueducto Rural;1046;CONSTRUCCION PLAN MAESTRO DE ACUEDUCTO Y ALCANTARILLADO  CENTRO POBLADO MARACAIBO Y VEREDA GUAPAYA BAJO DEL MUNICIPIO DE VISTA HERMOSA;Programa Rural;8808562511;0;En Liquidación
08/31/2020;7/03/2024;50;META;50711;Vista Hermosa(MET);Nueva Población Beneficiada Alcantarillado Rural;1046;CONSTRUCCION PLAN MAESTRO DE ACUEDUCTO Y ALCANTARILLADO  CENTRO POBLADO MARACAIBO Y VEREDA GUAPAYA BAJO DEL MUNICIPIO DE VISTA HERMOSA;Programa Rural;8808562511;0;En Liquidación
03/16/2021;7/03/2024;85;CASANARE;85001;Yopal(CAS);Nueva Población Beneficiada Alcantarillado Urbano;13570;ESTUDIOS Y DISEÑOS DEL SISTEMA DE ALCANTARILLADO SANITARIO DE LA CIUDADELA LA BENDICIÃ“N DEL MUNICIPIO DE YOPAL DEPARTAMENTO DE CASANARE;Pre-Inversión;550527150;0;En Liquidación
12/08/2020;7/03/2024;50;META;50450;Puerto Concordia(MET);Nueva Población Beneficiada Acueducto Urbano;3054;AMPLIACION Y OPTIMIZACION DEL SISTEMA DE ACUEDUCTO  DEL MUNICIPIO DE PUERTO CONCORDIA;PDA;0;6828964260;En Liquidación
11/09/2020;7/03/2024;50;META;50330;Mesetas(MET);Nueva Población Beneficiada Acueducto Urbano;1302;AMPLIACION Y OPTIMIZACION DEL SISTEMA DE ACUEDUCTO DEL MUNICIPIO DE MESETAS.;PDA;0;4466924836;En Liquidación
02/20/2023;7/03/2024;15;BOYACA;15464;Mongua(BOY);Nueva Población Beneficiada Acueducto Rural;1010;CONSTRUCCION DE OBRAS DE OPTIMIZACION PARA LOS SISTEMAS DE ACUEDUCTOS RURALES, PALO ARMADO Y PANTANO GRANDE, MUNICIPIO DE MONGUA;PGN;1867821941;19347474;En Liquidación
03/15/2022;7/03/2024;15;BOYACA;15332;Guican(BOY);Nueva Población Beneficiada Acueducto Urbano;593;OPTIMIZACION DE REDES DE ALCANTARILLADO Y DEL SISTEMA DE ACUEDUCTO DEL MUNICIPIO DE GÜICAN DE LA SIERRA;PDA;0;2462043630;Liquidado Contrato Obra
10/26/2022;7/03/2024;15;BOYACA;15507;Otanche(BOY);Nueva Población Beneficiada Alcantarillado Urbano;500;CONSTRUCCION DEL SISTEMA DE ALCANTARILLADO PLUVIAL Y OPTMIZACION DEL SISTEMA DE ALCANTARILLADO SANITARIO DEL MUNICIPIO DE OTANCHE - BOYACA;PDA;0;2591535232;Liquidado Contrato Obra
6/10/2023;7/03/2024;15;BOYACA;15407;Villa de Leiva(BOY);Nueva Población Beneficiada Alcantarillado Urbano;941;CONSTRUCCION PRIMERA ETAPA PLAN MAESTRO DE ALCANTARILLADO DEL MUNICIPIO DE VILLA DE LEYVA, BOYACA CENTRO ORIENTE;PGN;1776677078;5615775;En Liquidación
03/24/2023;7/03/2024;15;BOYACA;15646;Samaca(BOY);Nueva Población Beneficiada Alcantarillado Urbano;10342;CONSTRUCCION PLANTA DE TRATAMIENTO DE AGUAS RESIDUALES DOMESTICAS SAMACA, BOYACA, CENTRO ORIENTE;PDA;0;8655518754;En Liquidación
4/02/2024;7/03/2024;54;N DE SANTANDER;54261;El Zulia(N D);Nueva Población Beneficiada Acueducto Rural;680;OPTIMIZACION DEL SISTEMA DE ACUEDUCTO DE LAS VEREDAS LA COLORADA, LA RAMPACHALA Y EL SALTO DEL MUNICIPIO EL ZULIA DEPARTAMENTO NORTE DE SANTANDER;PGN;2141584434;2011934244;Terminado
12/21/2018;7/03/2024;19;CAUCA;19364;Jambaló(CAU);Nueva Población Beneficiada Acueducto Rural;113;CONSTRUCCION SISTEMA DE ACUEDUCTO INTERVEREDAL Y OBRA DE OPTIMIZACION TANQUES DE ALMACENAMIENTO ZONA BAJA MUNICIPIO DE JAMBALO;PDA;1184191115;2648751430;Liquidado
10/30/2019;7/03/2024;17;CALDAS;17513;Pacora(CAL);Nueva Población Beneficiada Acueducto Urbano;3261;OPTIMIZACION DEL SISTEMA DE ACUEDUCTO Y EL SISTEMA DE ALCANTARILLADO DEL CASCO URBANO DE PACORA;PDA;1925145539;1742723057;Terminado
10/30/2019;7/03/2024;17;CALDAS;17513;Pacora(CAL);Nueva Población Beneficiada Alcantarillado Urbano;6261;OPTIMIZACION DEL SISTEMA DE ACUEDUCTO Y EL SISTEMA DE ALCANTARILLADO DEL CASCO URBANO DE PACORA;PDA;1925145539;1742723057;Terminado
04/26/2019;7/03/2024;73;TOLIMA;73873;Villarrica(TOL);Nueva Población Beneficiada Alcantarillado Urbano;913;REHABILITACION TRAMOS DE ALCANTARILLADO  (CALLE PRINCIPAL) EXISTENTE DEL CASCO URBANO DEL MUNICIPIO DE VILLARRICA;Ola Invernal Mayor;0;503632560;En Liquidación
12/31/2018;7/03/2024;13;BOLIVAR;13212;Córdoba(BOL);Nueva Población Beneficiada Alcantarillado Urbano;3484;CONTRUCCION DEL SISTEMA DE ALCANTARILLADO DE LA CABECERA MUNICIPAL DE CORDOBA;PDA;3780000000;11539441154;Liquidado Contrato Obra
05/30/2024;7/03/2024;27;CHOCO;27006;Acandi(CHO);Nueva Población Beneficiada Acueducto Rural;4110;REHABILITACION DE LA LINEA DE CONDUCCION DEL SISTEMA DE ACUEDUCTO EN LA VEREDA BATATILLA DEL MUNICIPIO DE ACANDI, CHOCO;Ola Invernal Menor;586692228;0;Terminado
05/29/2021;7/03/2024;52;NARIÑO;52378;La Cruz(NAR);Nueva Población Beneficiada Alcantarillado Rural;800;CONSTRUCCION UNIDADES SANITARIAS PARA EL MEJORAMIENTO DE LAS CONDICIONES DE SANEAMIENTO DE LA ZONA RURAL DEL MUNICIPIO DE LA CRUZ;PDA;1735748969;757288529;Liquidado Contrato Obra
10/22/2021;7/03/2024;25;CUNDINAMARCA;25473;Mosquera(CUN);Nueva Población Beneficiada Alcantarillado Urbano;5265;OPTIMIZACION REDES DE ALCANTARILLADO SANITARIO Y PLUVIAL Y LA CONSTRUCCION ESTACION DE BOMBEO DE ALCANTARILLADO DE AGUAS LLUVIAS DEL BARRIO EL PORVENIR RIO MUNICIPIO DE MOSQUERA FASE I.-ESTACION DE BOMBEO DE ALCANTARILLADO AGUAS LLUVIAS.;PDA;0;4282184385;Liquidado Contrato Obra
05/31/2021;7/03/2024;70;SUCRE;70708;San Marcos(SUC);Nueva Población Beneficiada Alcantarillado Urbano;3505;EXTENSION DE REDES DE ALCANTARILLADO SANITARIO EN LA ZONA URBANA DEL MUNICIPIO DE SAN MARCOS;PGN;3314683459;0;En Liquidación
10/08/2021;7/03/2024;8;ATLANTICO;8078;Baranoa(ATL);Nueva Población Beneficiada Acueducto Rural;3570;ACTUALIZACION DE LOS ESTUDIOS, DISEÑOS, CONSTRUCCION Y PUESTA EN FUNCIONAMIENTO DEL PROYECTO DE REDES DE ACUEDUCTO DEL CORREGIMIENTO DE CAMPECHE EN EL MUNICIPIO DE BARANOA, DEPARTAMENTO DEL ATLÁNTICO.;Pre-Inversión;3946734135;0;En Liquidación
08/23/2019;7/03/2024;70;SUCRE;70708;San Marcos(SUC);Nueva Población Beneficiada Alcantarillado Urbano;32209;CONSTRUCCION DE LA PRIMERA ETAPA DEL PLAN MAESTRO DE ALCANTARILLADO SANITARIO EN LA ZONA URBANA DEL MUNICIPIO DE SAN MARCOS;PGN;12560199480;0;Liquidado
08/13/2019;7/03/2024;13;BOLIVAR;13430;Magangué(BOL);Nueva Población Beneficiada Acueducto Urbano;1000;OPTIMIZACION, CONSTRUCCION Y  AMPLIACION DEL SISTEMA DE DISTRIBUCION DEL  ACUEDUCTO DEL MUNICIPIO DE MAGANGUE, DEPARTAMENTO DE BOLIVAR;PGN;25212073695;0;Liquidado
12/31/2018;7/03/2024;86;PUTUMAYO;86573;Puerto Leguizamo(PUT);Nueva Población Beneficiada Acueducto Rural;248;FORMULACION Y ESTRUCTURACION DEL PROYECTO INTEGRAL DE ABASTECIMIENTO DE AGUA Y MANEJO DE AGUAS RESIDUALES DEL CENTRO POBLADO DE PUERTO OSPINA MUNICIPIO DE PUERTO LEGUIZAMO;Programa Rural;3818319483;1543272350;Terminado
12/31/2018;7/03/2024;86;PUTUMAYO;86573;Puerto Leguizamo(PUT);Nueva Población Beneficiada Alcantarillado Rural;248;FORMULACION Y ESTRUCTURACION DEL PROYECTO INTEGRAL DE ABASTECIMIENTO DE AGUA Y MANEJO DE AGUAS RESIDUALES DEL CENTRO POBLADO DE PUERTO OSPINA MUNICIPIO DE PUERTO LEGUIZAMO;Programa Rural;3818319483;1543272350;Terminado
08/24/2023;7/03/2024;25;CUNDINAMARCA;25612;Ricaurte(CUN);Nueva Población Beneficiada Alcantarillado Urbano;10131;PLAN MAESTRO DE ALCANTARILLADO SANITARIO Y PLUVIAL FASE III ETAPA I  DEL MUNICIPIO DE RICAURTE;PGN;6699513661;4781613671;Terminado
3/03/2022;7/03/2024;25;CUNDINAMARCA;25491;Nocaima(CUN);Nueva Población Beneficiada Alcantarillado Urbano;726;MEJORAMIENTO RED DE ALCANTARILLADO MUNICIPIO DE NOCAIMA;PDA;0;5252494668;En Liquidación
03/29/2020;7/03/2024;70;SUCRE;70001;Sincelejo(SUC);Nueva Población Beneficiada Acueducto Urbano;246103;CONSTRUCCION DEL TRAMO II DE LA LINEA DE ADUCCION DEL CAMPO DE POZOS SAN JORGE PARA EL MUNICIPIO DE SINCELEJO DESDE EL K0+000 HASTA K9+100 PARA EL MUNICIPIO DE SINCELEJO;PGN;20909791629;0;En Liquidación
06/21/2023;7/03/2024;52;NARIÑO;52378;La Cruz(NAR);Nueva Población Beneficiada Alcantarillado Rural;408;CONSTRUCCION DE UNIDADES SANITARIAS CON TRATAMIENTO DE AGUAS RESIDUALES EN LA ZONA RURAL DISPERSA DEL MUNICIPIO DE LA CRUZ NARIÑO;PDA;0;1499223043;Terminado
06/29/2022;7/03/2024;47;MAGDALENA;47258;El Piñon(MAG);Nueva Población Beneficiada Acueducto Rural;6961;AMPLIACION Y OPTIMIZACION DEL SISTEMA DE ACUEDUCTO DE LOS CORREGIMIENTOS DE SABANAS, SAN BASILIO Y PLAYON DE OROZCO, MUNICIPIO DE EL PIÑON.;PDA;0;6284603303;Terminado
03/25/2022;7/03/2024;47;MAGDALENA;47745;Sitionuevo(MAG);Nueva Población Beneficiada Acueducto Rural;6046;OPTIMIZACION Y AMPLIACION DEL SISTEMA DE ACUEDUCTO DEL CORREGIMIENTO DE PALERMO MUNICIPIO DE SITIONUEVO;PDA;0;6025447987;Terminado
11/23/2019;7/03/2024;15;BOYACA;15897;Zetaquira(BOY);Nueva Población Beneficiada Alcantarillado Rural;204;CONSTRUCCION CUARENTA (40) UNIDADES SANITARIAS CON SANEAMIENTO BASICO PARA VIVIENDA RURAL DISPERSA DEL MUNICIPIO DE ZETAQUIRA;BID;454513123;0;Liquidado
02/21/2019;7/03/2024;86;PUTUMAYO;86569;Puerto Caicedo(PUT);Nueva Población Beneficiada Alcantarillado Rural;2297;CONSTRUCCION DE UNIDADES SANITARIAS EN EL MUNICIPIO DE PUERTO CAICEDO, DEPARTAMENTO DEL PUTUMAYO;BID;8268421242;0;En Liquidación
12/30/2021;7/03/2024;8;ATLANTICO;8638;Sabanalarga(ATL);Nueva Población Beneficiada Alcantarillado Rural;5123;CONSTRUCCION DE PLANTA DE TRATAMIENTO DE AGUAS RESIDUALES PARA LOS CORREGIMIENTOS DE AGUADA DE PABLO Y LA PEÑA, MUNICIPIO DE SABANALARGA;BID;9287399692;0;En Liquidación
01/15/2020;7/03/2024;8;ATLANTICO;8638;Sabanalarga(ATL);Nueva Población Beneficiada Alcantarillado Rural;1129;CONSTRUCCION DE ALCANTARILLADO SANITARIO DEL CORREGIMIENTO DE LA PEÑA MUNICIPIO DE SABANALARGA.;BID;4846862317;0;En Liquidación
05/24/2019;7/03/2024;41;HUILA;41298;Garzon(HUI);Nueva Población Beneficiada Acueducto Urbano;42161;PLAN MAESTRO DE ACUEDUCTO MUNICIPIO DE GARZON FASE 1;PDA;1452963501;9963904256;En Liquidación
10/10/2020;7/03/2024;41;HUILA;41001;Neiva(HUI);Nueva Población Beneficiada Alcantarillado Urbano;7853;CONSTRUCCION INTERCEPTOR AGUAS LLUVIAS CARRERA 18 ENTRE CALLE 41 Y 50 COMUNA 2 MUNICIPIO DE NEIVA;PDA;0;1592614548;Terminado
06/28/2021;7/03/2024;5;ANTIOQUIA;5837;Turbo(ANT);Nueva Población Beneficiada Acueducto Urbano;41838;CONSTRUCCION DE TANQUE DE ALMACENAMIENTO DE PISO  LA LUCILA II Y OBRAS ACCESORIAS EN EL SISTEMA DE ACUEDUCTO DEL MUNICIPIO DE TURBO;Obras por Impuestos;0;0;Liquidado Contrato Obra
02/17/2024;7/03/2024;13;BOLIVAR;13468;Mompox(BOL);Nueva Población Beneficiada Alcantarillado Urbano;31665;CONSTRUCCION , AMPLIACION Y  OPTIMIZACION  DEL SISTEMA DE ALCANTARILLADO SANITARIO DE LA CABECERA MUNICIPAL DE MOMPOX;PGN;56743924229;10000000000;Terminado
05/31/2019;7/03/2024;13;BOLIVAR;13468;Mompox(BOL);Nueva Población Beneficiada Acueducto Urbano;14887;CONSTRUCCION, AMPLIACION, OPTIMIZACION Y/O REHABILITACION DEL SISTEMA DE ACUEDUCTO DE LA CABECERA MUNICIPAL DE SANTA CRUZ DE MOMPOX FASE I;PDA;1546702315;3910056036;En Liquidación
04/21/2019;7/03/2024;25;CUNDINAMARCA;25307;Girardot(CUN);Nueva Población Beneficiada Acueducto Urbano;544;CONSTRUCCION ACUEDUCTO, ALCANTARILLADO  SANITARIO Y PLUVIAL EN EL PROYECTO URBANISTICO VALLE DEL SOL ETAPA II  GIRARDOT, CUNDINAMARCA;PDA;0;704827034;Terminado
04/21/2019;7/03/2024;25;CUNDINAMARCA;25307;Girardot(CUN);Nueva Población Beneficiada Alcantarillado Urbano;544;CONSTRUCCION ACUEDUCTO, ALCANTARILLADO  SANITARIO Y PLUVIAL EN EL PROYECTO URBANISTICO VALLE DEL SOL ETAPA II  GIRARDOT, CUNDINAMARCA;PDA;0;704827034;Terminado
11/07/2019;7/03/2024;47;MAGDALENA;47720;Santa Barbara De Pinto(MAG);Nueva Población Beneficiada Alcantarillado Urbano;2000;CONSTRUCCION DEL SISTEMA DE ALCANTARILLADO SANITARIO  DEL MUNICIPIO DE SANTA BARBARA DE PINTO DEPARTAMENTO DEL MAGDALENA - FASE II;PDA;0;3197330077;Liquidado Contrato Obra
12/12/2021;7/03/2024;41;HUILA;41807;Timana(HUI);Nueva Población Beneficiada Alcantarillado Urbano;160;REHABILITACION DE ALCANTARILLADO SANITARIO DE LA CARRERA 4 ENTRE CALLE 7 A CALLE 10 DEL MUNICIPIO DE TIMANA DEPARTAMENTO DEL HUILA;Ola Invernal Mayor;0;474460194;Terminado
10/26/2021;7/03/2024;81;ARAUCA;81794;Tame(ARA);Nueva Población Beneficiada Acueducto Rural;2400;CONSTRUCCION DE UN ACUEDUCTO CON AGUA POTABLE PARA LAS VEREDAS ANGOSTURAS EL TRIUNFO Y EL CENTRO POBLADO DE COROCITO DEL MUNICIPIO DE TAME â€“ DEPARTAMENTO DE ARAUCA;Obras por Impuestos;0;0;Liquidado Contrato Obra
07/15/2022;7/03/2024;8;ATLANTICO;8573;Puerto Colombia(ATL);Nueva Población Beneficiada Acueducto Urbano;7096;CONSTRUCCION DE LAS REDES DE ACUEDUCTO PARA LA ZONA SUR OCCIDENTAL DEL MUNICIPIO DE PUERTO COLOMBIA;PGN;859527012;947502180;Terminado
08/28/2021;7/03/2024;5;ANTIOQUIA;5837;Turbo(ANT);Nueva Población Beneficiada Alcantarillado Urbano;37817;CONSTRUCCION REDES DE ALCANTARILLADO DISTRITO SUR Y ESTACION DE BOMBEO DE AGUAS RESIDUALES LA YUQUITA, FASE 1 â€“ MUNICIPIO DE TURBO;PGN;22029626267;2500000000;En Liquidación
12/18/2020;7/03/2024;5;ANTIOQUIA;5837;Turbo(ANT);Nueva Población Beneficiada Alcantarillado Urbano;5394;CONSTRUCCION EXTENSION CONSTRUCCION REDES DE ALCANTARILLADO DEL BARRIO OBRERO MUNICIPIO TURBO, ANTIOQUIA, OCCIDENTE TURBO;Obras por Impuestos;0;0;Liquidado Contrato Obra
06/30/2021;7/03/2024;5;ANTIOQUIA;5031;Amalfi(ANT);Nueva Población Beneficiada Acueducto Rural;150;CONSTRUCCION ACUEDUCTO VEREDA CARACOLI MUNICIPIO DE AMALFI;Obras por Impuestos;0;0;Liquidado Contrato Obra
9/07/2020;7/03/2024;68;SANTANDER;68344;Hato(SAN);Nueva Población Beneficiada Alcantarillado Urbano;232;AMPLIACION Y OPTIMIZACION SISTEMA DE ALCANTARILLADO SANITARIO E INTERCEPTORES PLUVIALES, CASCO URBANO MUNICIPIO DE HATO;PGN;3073478990;269447756;Liquidado Contrato Obra
3/12/2022;7/03/2024;54;N DE SANTANDER;54261;El Zulia(N D);Nueva Población Beneficiada Acueducto Rural;4322;OPTIMIZACION DEL  SISTEMA DE ACUEDUCTO DE LA VEREDA DE ASTILLEROS, MUNICIPIO EL ZULIA;Tasa Compensada;0;4640742990;Terminado
04/30/2021;7/03/2024;19;CAUCA;19142;Caloto(CAU), Santander De Quilichao(CAU);Nueva Población Beneficiada Alcantarillado Rural;97;CONSTRUCCION DE SISTEMAS INDIVIDUALES DE SANEAMIENTO BASICO PARA LAS VEREDAS PALESTINA, SANTA MARIA DE SANTANDER DE QUILICHAO Y LA VEREDA  MORALES DEL MUNICIPIO DE CALOTO - PDET;Obras por Impuestos;0;0;Liquidado Contrato Obra
02/14/2021;7/03/2024;20;CESAR;20621;Robles (la Paz)(CES);Nueva Población Beneficiada Acueducto Urbano;7000;CONSTRUCCION Y OPTIMIZACION DE LAS REDES DEL SISTEMA DE ACUEDUCTO FASE I, EN LA CABECERA URBANA MUNICIPAL DE LA PAZ DEPARTAMENTO DEL CESAR;Obras por Impuestos;0;0;Liquidado
6/01/2022;7/03/2024;70;SUCRE;70708;San Marcos(SUC);Nueva Población Beneficiada Alcantarillado Urbano;1280;EXTENSION DE REDES DE ALCANTARILLADO SANITARIO EN LA ZONA CENTRO DEL MUNICIPIO DE SAN MARCOS, DEPARTAMENTO DE SUCRE FASE I;PGN;1239878750;837755912;En Liquidación
11/26/2020;7/03/2024;23;CORDOBA;23162;Cerete(COR);Nueva Población Beneficiada Alcantarillado Urbano;220;CONSTRUCCION DE REDES DE ALCANTARILLADO Y AMPLIACION DE COBERTURA DEL SECTOR No. 4  DEL MUNICIPIO DE CERETE ETAPA I.;PGN;6000000000;0;En Liquidación
11/06/2018;7/03/2024;27;CHOCO;27006;Acandi(CHO);Nueva Población Beneficiada Acueducto Rural;5120;OPTIMIZACION Y AMPLIACION DEL SISTEMA DE ACUEDUCTO DEL CORREGIMIENTO DE CAPURGANA MUNICIPIO DE ACANDI;Todos Por el Pacífico;7891517828;0;Terminado
11/08/2019;7/03/2024;27;CHOCO;27006;Acandi(CHO);Nueva Población Beneficiada Acueducto Urbano;5249;OPTIMIZACION Y AMPLIACION DEL SISTEMA DE ACUEDUCTO DEL MUNICIPIO DE ACANDI;Todos Por el Pacífico;11929315274;0;Terminado
07/14/2021;7/03/2024;47;MAGDALENA;47692;San Sebastian De Buenavista(MAG);Nueva Población Beneficiada Acueducto Rural;348;CONSTRUCCION DEL ACUEDUCTO DEL  CORREGIMIENTO EL SEIS, MUNICIPIO DE SAN SEBASTIAN DE BUENAVISTA.;PDA;0;822168501;Terminado
12/05/2022;7/03/2024;68;SANTANDER;68682;San Joaquin(SAN);Nueva Población Beneficiada Alcantarillado Rural;74;CONSTRUCCION DE 25 UNIDADES SANITARIAS CON SANEAMIENTO BASICO PARA VIVIENDA RURAL DISPERSA EN SAN JOAQUIN-SANTANDER;PGN;280541692;192528612;En Liquidación
10/05/2021;7/03/2024;52;NARIÑO;52258;El Tablon(NAR);Nueva Población Beneficiada Alcantarillado Rural;500;OPTIMIZACION Y AMPLIACION DEL ALCANTARILLADO DEL CORREGIMIENTO DE LAS MESAS, MUNICIPIO DEL TABLON DE GOMEZ;PGN;5088394689;135817147;En Liquidación
12/16/2022;7/03/2024;52;NARIÑO;52678;Samaniego(NAR);Nueva Población Beneficiada Acueducto Urbano;5626;PLAN MAESTRO DE ACUEDUCTO Y ALCANTARILLADO SANITARIO Y PLUVIAL DEL MUNICIPIO DE SAMANIEGO  NARIÑO;PGN;1368708263;0;Terminado
12/16/2022;7/03/2024;52;NARIÑO;52678;Samaniego(NAR);Nueva Población Beneficiada Alcantarillado Urbano;5626;PLAN MAESTRO DE ACUEDUCTO Y ALCANTARILLADO SANITARIO Y PLUVIAL DEL MUNICIPIO DE SAMANIEGO  NARIÑO;PGN;1368708263;0;Terminado
06/30/2023;7/03/2024;52;NARIÑO;52317;Guachucal(NAR);Nueva Población Beneficiada Alcantarillado Rural;408;OPTIMIZACION DEL ALCANTARILLADO SANITARIO Y CONSTRUCCION DE LA PLANTA DE TRATAMIENTO DE AGUAS RESIDUALES DE LA VEREDA EL CONSUELO DE CHILLANQUER MUNICIPIO DE GUACHUCAL-NARIÑO;PDA;0;2710733934;En Liquidación
07/20/2019;7/03/2024;5;ANTIOQUIA;5045;Apartadó(ANT);Nueva Población Beneficiada Acueducto Urbano;128969;CONSTRUCCION POZO PROFUNDO Y  OBRAS ACCESORIAS PARA NUEVA FUENTE DE CAPTACIÃ“N DE AGUA SUBTERRÃNEA  DEL SISTEMA DE ACUEDUCTO EN EL MUNICIPIO DE APARTADO;PGN;3559506445;30144552;Liquidado
09/15/2020;7/03/2024;47;MAGDALENA;47058;Ariguani(MAG);Nueva Población Beneficiada Acueducto Urbano;20701;CONSTRUCCION DE LA LINEA DE CONDUCCION DE LA EBAP 2 A LA EBAP 3 DEL SISTEMA DE ACUEDUCTO DEL MUNICIPIO DE ARIGUANI (POI 3);PDA;0;5387214653;Liquidado Contrato Obra
01/15/2019;7/03/2024;17;CALDAS;17380;La Dorada(CAL);Nueva Población Beneficiada Alcantarillado Urbano;25101;OPTIMIZACION REDES DE ALCANTARILLADO BARRIO LAS FERIAS III FASE EN EL MUNICIPIO DE LA DORADA;PGN;5342170422;87380067;Liquidado
12/20/2019;7/03/2024;27;CHOCO;27099;Bojaya (bellavista)(CHO);Nueva Población Beneficiada Acueducto Urbano;1689;OPTIMIZACION DEL SISTEMA DE ACUEDUCTO DE LA CABECERA MUNICIPAL DE BOJAYA;PGN;4560847254;0;Liquidado
12/09/2023;7/03/2024;8;ATLANTICO;8078;Baranoa(ATL);Nueva Población Beneficiada Alcantarillado Urbano;3735;CONSTRUCCION DE LAS REDES DE ALCANTARILLADO Y ESTACION DE BOMBEO DE AGUAS RESIDUALES PARA LA CUENCA 6A Y REDES DE ALCANTARILLADO EN EL BARRIO MANZANARES DEL MUNICIPIO DE BARANOA-ATLÁNTICO;PGN;2835530661;2723414324;Terminado
12/09/2023;7/03/2024;8;ATLANTICO;8675;Santa Lucía(ATL);Nueva Población Beneficiada Alcantarillado Rural;1142;ALCANTARILLADO PARA EL CORREGIMIENTO ALGODONAL MUNICIPIO DE SANTA LUCIA;PGN;3476351183;2429158142;Terminado
06/14/2024;7/03/2024;23;CORDOBA;23162;Cerete(COR);Nueva Población Beneficiada Alcantarillado Urbano;4950;CONSTRUCCION DE REDES DE ALCANTARILLADO Y AMPLIACION DE COBERTURA DEL SECTOR No. 5 MUNICIPIO DE CERETÉ;PGN;13093905610;0;Terminado
7/02/2019;7/03/2024;70;SUCRE;70670;Sampues(SUC);Nueva Población Beneficiada Acueducto Urbano;2219;OPTIMIZACION Y AMPLIACION DEL SISTEMA DE ACUEDUCTO DE LA CABECERA DE SAMPUES FASE I;PDA;5540140406;3849567780;Terminado
09/30/2019;7/03/2024;47;MAGDALENA;47053;Aracataca(MAG);Nueva Población Beneficiada Acueducto Rural;9356;OPTIMIZACION Y AMPLIACION DEL SISTEMA DE ACUEDUCTO DE LOS CORREGIMIENTOS DE BUENOS AIRES Y SAMPUÃ‰S DEL MUNICIPIO DE ARACATACA, DEPARTAMENTO DEL MAGDALENA;PDA;0;6292128227;Liquidado Contrato Obra
07/13/2020;7/03/2024;86;PUTUMAYO;86885;Villagarzon(PUT);Nueva Población Beneficiada Alcantarillado Rural;125;CONSTRUCCION UNIDAD SANITARIA Y SISTEMA DE TRATAMIENTO PREFABRICADO PARA VIVIENDAS DISPERSAS, MUNICIPIO DE VILLAGRAZON;Obras por Impuestos;0;0;Liquidado
12/31/2018;7/03/2024;86;PUTUMAYO;86320;Orito(PUT);Nueva Población Beneficiada Acueducto Urbano;17088;CONSTRUCCION SISTEMA DE CAPTACION, DESARENADOR Y CONDUCCION EN LA QUEBRADA LA FRAGUA PARA EL ACUEDUCTO DEL CASCO URBANO MUNICIPIO DE ORITO;PDA;2538295539;648582521;Terminado
02/28/2020;7/03/2024;63;QUINDIO;63190;Circasia(QUI);Nueva Población Beneficiada Acueducto Rural;2403;CONSTRUCCION DE LA LÍNEA DE EXPANSION DEL SISTEMA DE ACUEDUCTO HACIA EL SECTOR RURAL DEL MUNICIPIO DE CIRCASIA SECTOR HOJAS ANCHAS Y LA CRISTALINA;PGN;3560314006;0;Liquidado
2/11/2021;7/03/2024;44;LA GUAJIRA;44430;Maicao(LA );Nueva Población Beneficiada Acueducto Rural;3002;IMPLEMENTACION MODELO DE DISTRIBUCION DE AGUA POTABLE PARA LAS COMUNIDADES INDÃGENAS WAYÃšU DE LA ZONA RURAL DISPERSA DEL MUNICIPIO DE MAICAO - LA GUAJIRA MAICAO;Obras por Impuestos;0;0;En Liquidación
3/04/2021;7/03/2024;13;BOLIVAR;13657;San Juan Nepomuceno(BOL);Nueva Población Beneficiada Acueducto Urbano;5000;CONSTRUCCION DE OBRAS PARA LA OPTIMIZACION DEL ACUEDUCTO DE LA CABECERA MUNICIPAL DE SAN JUAN NEPOMUCENO.;PDA;0;4758252788;En Liquidación
02/14/2019;7/03/2024;73;TOLIMA;73675;San Antonio(TOL);Nueva Población Beneficiada Acueducto Urbano;2012;OPTIMIZACION DEL SISTEMA DE SUMINISTRO DE AGUA PARA EL ACUEDUCTO DEL MUNICIPIO DE SAN ANTONIO;Contrato Plan;2370473240;290704118;Liquidado
8/02/2019;7/03/2024;8;ATLANTICO;8685;Santo Tomás(ATL);Nueva Población Beneficiada Acueducto Urbano;800;CONSTRUCCION SISTEMA DE ACUEDUCTO BARRIO LA ARENOSA MUNICIPIO DE SANTO TOMAS;PDA;906790312;19990696;Terminado
12/17/2018;7/03/2024;52;NARIÑO;52001;Pasto(NAR);Nueva Población Beneficiada Alcantarillado Urbano;149775;CONSTRUCCION COLECTOR ARANDA MUNICIPIO DE PASTO;PGN;18756082361;162601600;Liquidado
12/27/2019;7/03/2024;52;NARIÑO;52693;San Pablo(NAR);Nueva Población Beneficiada Alcantarillado Rural;1000;CONSTRUCCION UNIDADES SANITARIAS PARA EL MEJORAMIENTO DE LAS CONDICIONES DE SANEAMIENTO DE LA ZONA RURAL DEL MUNICIPIO DE SAN PABLO;PGN;2566333012;0;Liquidado
03/26/2021;7/03/2024;13;BOLIVAR;13160;Cantagallo(BOL);Nueva Población Beneficiada Alcantarillado Rural;900;CONSTRUCCION DE 150 UNIDADES SANITARIAS PARA VIVIENDAS DISPERSAS EN LA ZONA BAJA DEL ÃREA RURAL DEL MUNICIPIO DE CANTAGALLO;Obras por Impuestos;0;0;En Liquidación
7/02/2024;7/03/2024;25;CUNDINAMARCA;25317;Guachetá(CUN);Nueva Población Beneficiada Alcantarillado Urbano;5979;OPTIMIZACION ALCANTARILLADO SANITARIO Y PLUVIAL DEL  CASCO URBANO DEL MUNICIPIO DE GUACHETA;PDA;0;4597662045;Terminado
11/30/2019;7/03/2024;13;BOLIVAR;13062;Arroyohondo(BOL);Nueva Población Beneficiada Alcantarillado Urbano;3717;SISTEMA DE ALCANTARILLADO DE LA CABECERA MUNICIPAL DE ARROYOHONDO SEGUNDA ETAPA;PDA;230524313;8774794344;En Liquidación
06/30/2020;7/03/2024;47;MAGDALENA;47053;Aracataca(MAG), Ariguani(MAG), Cerro San Antonio(MAG), Nueva Granada(MAG), Plato(MAG);Nueva Población Beneficiada Acueducto Urbano;138541;CONSTRUCCION DE LAS REDES DE ACUEDUCTO Y ALCANTARILLADO DE LOS MUNICIPIOS DE ARACATACA, NUEVA GRANADA, ARIGUANÃ, PLATO Y CERRO DE SAN ANTONIO, EN EL DEPARTAMENTO DEL MAGDALENA;PDA;0;29519963930;Terminado
06/30/2020;7/03/2024;47;MAGDALENA;47053;Aracataca(MAG), Ariguani(MAG), Cerro San Antonio(MAG), Nueva Granada(MAG), Plato(MAG);Nueva Población Beneficiada Alcantarillado Urbano;27718;CONSTRUCCION DE LAS REDES DE ACUEDUCTO Y ALCANTARILLADO DE LOS MUNICIPIOS DE ARACATACA, NUEVA GRANADA, ARIGUANÃ, PLATO Y CERRO DE SAN ANTONIO, EN EL DEPARTAMENTO DEL MAGDALENA;PDA;0;29519963930;Terminado
12/09/2020;7/03/2024;47;MAGDALENA;47170;Chivolo(MAG);Nueva Población Beneficiada Alcantarillado Rural;1435;CONSTRUCCION DEL SISTEMA DE ALCANTARILLADO SANITARIO DEL CORREGIMIENTO DE LA ESTRELLA, MUNICIPIO DE CHIBOLO;PDA;0;2732924997;Terminado
04/27/2019;7/03/2024;47;MAGDALENA;47268;El Reten(MAG);Nueva Población Beneficiada Alcantarillado Urbano;24056;CONSTRUCCION DEL SISTEMA DE ALCANTARILLADO SANITARIO DEL MUNICIPIO DE EL RETEN;PDA;756862257;9531403911;Terminado
09/30/2020;7/03/2024;47;MAGDALENA;47170;Chivolo(MAG);Nueva Población Beneficiada Alcantarillado Rural;1231;CONSTRUCCION DEL SISTEMA DE ALCANTARILLADO DEL CORREGIMIENTO DE LA CHINA MUNICIPIO DE CHIBOLO;PDA;0;3700155442;Terminado
12/17/2020;7/03/2024;47;MAGDALENA;47001;Santa Marta(MAG);Nueva Población Beneficiada Alcantarillado Urbano;6622;CONSTRUCCION ALCANTARILLADO SANITARIO ETAPA II E INSTALACION REDES DE ALCANTARILLADO SANITARIO ETAPA I EN EL SISTEMA SUR EN SANTA MARTA;PDA;8499032669;6192170960;Terminado
3/06/2020;7/03/2024;47;MAGDALENA;47053;Aracataca(MAG);Nueva Población Beneficiada Alcantarillado Rural;970;CONSTRUCCION DEL SISTEMA DE ALCANTARILLADO SANITARIO EN EL CORREGIMIENTO DE CAUCA, MUNICIPIO DE ARACATACA;PDA;0;2623331888;Terminado
03/19/2021;7/03/2024;47;MAGDALENA;47555;Plato(MAG);Nueva Población Beneficiada Acueducto Rural;212;OPTIMIZACION Y AMPLIACION DEL SISTEMA DE ACUEDUCTO DEL CORREGIMIENTO DE DISCIPLINA, MUNICIPIO DE PLATO, DEPARTAMENTO DEL MAGDALENA;PDA;0;1378884932;Terminado
05/31/2019;7/03/2024;47;MAGDALENA;47030;Algarrobo(MAG);Nueva Población Beneficiada Alcantarillado Urbano;4959;CONSTRUCCION DEL SISTEMA DE ALCANTARILLADO DEL MUNICIPIO DE ALGARROBO FASE I;PDA;0;13277389818;En Liquidación
7/11/2019;7/03/2024;47;MAGDALENA;47551;Pivijay(MAG);Nueva Población Beneficiada Acueducto Rural;795;CONSTRUCCION DEL SISTEMA DE ACUEDUCTO DEL  CORREGIMIENTO DE PIÑUELAS, MUNICIPIO DE PIVIJAY, DEPARTAMENTO DEL MAGDALENA;PDA;0;1768846273;En Liquidación
8/05/2021;7/03/2024;73;TOLIMA;73671;Saldaña(TOL);Nueva Población Beneficiada Acueducto Urbano;8600;CONSTRUCCION DE UNA FUENTE ALTERNA DE SUMINISTRO PARA EL SISTEMA DE ACUEDUCTO CASCO URBANO DEL MUNICIPIO DEL SALDAÑA.;PDA;762687044;1290149730;Terminado
11/30/2019;7/03/2024;13;BOLIVAR;13620;San Cristobal(BOL);Nueva Población Beneficiada Alcantarillado Urbano;5112;CONSTRUCCION DEL SISTEMA DE ALCANTARILLADO Y TRATAMIENTO DE AGUAS RESIDUALES PARA LA CABECERA DEL MUNICIPIOL DE SAN CRISTOBAL ETAPA I - BOLIVAR;PDA;0;4350743694;En Liquidación
2/03/2020;7/03/2024;50;META;50001;Villavicencio(MET);Nueva Población Beneficiada Alcantarillado Urbano;11950;CONSTRUCCION ALCANTARILLADO PLUVIAL EN EL BARRIO SAN CARLOS EN EL MUNICIPIO DE VILLAVICENCIO;PGN;6559012246;0;Liquidado
07/29/2021;7/03/2024;73;TOLIMA;73055;Armero (guayabal)(TOL);Nueva Población Beneficiada Acueducto Urbano;3000;MEJORAMIENTO DEL SISTEMA DE ACUEDUCTO URBANO SEGÃšN PLAN MAESTRO DEL MUNICIPIO DE ARMERO GUAYABAL - TOLlMA;PDA;2000000000;9096606923;Terminado
12/22/2019;7/03/2024;70;SUCRE;70215;Corozal(SUC);Nueva Población Beneficiada Alcantarillado Urbano;2577;CONSTRUCCION DEL SISTEMA DE ALCANTARILLADO SANITARIO PARA LOS BARRIOS LA PAZ Y MONSERRATE EN LA ZONA URBANA DEL MUNICIPIO DE COROZAL;PGN;2436836416;0;Liquidado
05/28/2021;7/03/2024;13;BOLIVAR;13838;Turbaná(BOL);Nueva Población Beneficiada Acueducto Urbano;15215;CONSTRUCCION DEL SISTEMA DE ACUEDUCTO DEL MUNICIPIO DE TURBANA - BOLIVAR;PDA;0;17622793448;Terminado
